id,x,y,label
1,0.32623620301989764,0.8855144330260497,A
2,0.7218522887980624,0.10405878923091694,A
3,0.011282179364828115,0.043421484671569255,C
4,0.5361401098920566,0.8547615717715297,B
5,0.929394031396978,0.514549830453165,C
6,0.2203921816384632,0.3712637386387494,C
7,0.04523845710835006,0.9309718442470198,B
8,0.9182713203311259,0.1148003695185632,C
9,0.5093479231599468,0.004849718064161013,B
10,0.8012099631062826,0.09860524593776832,C
11,0.39557967425767016,0.3240138497978373,C
12,0.036141779482456005,0.6815340811424213,B
13,0.6157164804053256,0.3308890212313066,B
14,0.5264912449315773,0.2411482928931582,A
15,0.1651383428060641,0.38058324331323057,C
16,0.6712906084349213,0.004742796320853837,C
17,0.28021455374166926,0.8423588964473067,A
18,0.9337009399644453,0.9682291767335409,C
19,0.5120791338322365,0.7198457667473855,C
20,0.3969534949722682,0.911189872504385,B
21,0.4545140404738569,0.9977215699296054,B
22,0.9323412924410326,0.5260578346062788,A
23,0.5788541916483435,0.8631268522544293,A
24,0.7927113543785417,0.36518671709132167,C
25,0.7194552748877736,0.17949263571697294,A
26,0.5977447009357042,0.6907131115928955,B
27,0.8837853687216355,0.9983456188466028,B
28,0.6370000364911294,0.45775824863337045,B
29,0.5180177493991258,0.7879539844606149,B
30,0.1771039718010482,0.6766081198629637,B
31,0.0010641818363532618,0.9849210417136072,B
32,0.986214701331187,0.02864522466816699,C
33,0.5587451564492499,0.9963960463112064,B
34,0.6122597330014521,0.700556562663544,A
35,0.38782732144599785,0.15903801697205966,C
36,0.2632289606676801,0.0909839570490868,B
37,0.7485531044161208,0.48151174208757896,A
38,0.17147957438472827,0.506681558524987,B
39,0.3564242884741149,0.4653539490928754,A
40,0.3622313065412439,0.49552974414088424,B
41,0.5656996180786936,0.9271597953630913,B
42,0.6424703697274754,0.48380369496985354,C
43,0.9231714418900809,0.02858827192105895,B
44,0.7102327434605027,0.5272258646265131,B
45,0.3010307630264515,0.44142388143690237,A
46,0.2066155411867201,0.1762664101126381,B
47,0.2907295471513991,0.2660533234126905,C
48,0.24150823325165482,0.618915188829745,A
49,0.6168603525469857,0.03785056474279058,C
50,0.1355001929157882,0.6567407618089228,A
51,0.27178434927856177,0.9594616268507288,B
52,0.4674563017379342,0.24729387308008555,A
53,0.1437807599675297,0.777178081610847,B
54,0.7585647611158503,0.03335073683142109,A
55,0.3173247017265737,0.4217180961204101,B
56,0.553168680192721,0.6536461866041202,B
57,0.4894547949913577,0.9898650314287094,A
58,0.017100472266539213,0.42109430062511755,A
59,0.49930737054717644,0.9350974165589476,C
60,0.8302408542192158,0.7317545797189525,B
61,0.7446762058899177,0.31404407594118655,B
62,0.6280512765796552,0.795113328111278,B
63,0.8101673587206709,0.6336873004156841,A
64,0.49973541633578544,0.8962472461138918,C
65,0.9444453693838057,0.38614984650354023,C
66,0.13740871129371401,0.49081840641297914,A
67,0.9792009577562908,0.33017129915908394,B
68,0.9648317679637051,0.06038510382088502,A
69,0.9373087326794066,0.7688324757355145,A
70,0.8303679434798553,0.15943674484832238,A
71,0.5960981154723644,0.2742695976928441,A
72,0.7926082751259038,0.8318211284345132,B
73,0.9143590728368285,0.6372187635934407,B
74,0.5131833322756388,0.2652529898939002,C
75,0.9066759872093111,0.9509436889347067,B
76,0.6105639474880165,0.6418573532023274,B
77,0.2901799146422883,0.07018635858708133,A
78,0.46244583927148675,0.24888204700452043,A
79,0.9934712762818225,0.11984702021300664,A
80,0.6158384150359871,0.5350512427522955,B
81,0.2563227093789986,0.3714562573017167,B
82,0.8963370226711564,0.7943379577069053,C
83,0.41325667853484593,0.2719334657232102,C
84,0.577433021492787,0.37457404602417443,C
85,0.4965399232385044,0.8839736569685958,B
86,0.5070946556935273,0.3819384886046757,C
87,0.538379559696164,0.5432930624755477,C
88,0.9923016165791144,0.32228540310618337,A
89,0.3452146527416595,0.03264413634073249,C
90,0.5644960695394764,0.9380164472839326,A
91,0.6459000492691663,0.5494599994281454,B
92,0.3910575780232354,0.5735665572930858,B
93,0.5624105159821549,0.5915430615963387,B
94,0.2543728119377697,0.514645204038689,B
95,0.0329042857541072,0.2238717696593021,B
96,0.8438314290920383,0.16907815383142577,B
97,0.5618360371460458,0.012975764296451864,C
98,0.2859580244665181,0.2364214475782892,C
99,0.49205124947369727,0.8117921088895891,C
100,0.262606167839054,0.7954249814046286,A
101,0.025834006599718795,0.8567536269433444,A
102,0.7136978583462511,0.04632604299580312,B
103,0.10382965811191303,0.46202678217219995,A
104,0.8908437467180813,0.4304935049776969,B
105,0.09380557872167328,0.1574013511508502,B
106,0.0324896363633731,0.7791687312465024,C
107,0.1192256825846616,0.6583515278850254,A
108,0.7420726987634918,0.6330029561960056,A
109,0.31857137141798064,0.8992345735766349,C
110,0.10166999820764033,0.07173977799205167,A
111,0.3109014452218626,0.01993132603240111,B
112,0.01719832344366745,0.010725942072446149,A
113,0.8584575588591719,0.4813141074339613,B
114,0.33710960503186127,0.11444176102233805,A
115,0.9234028847062269,0.8325142868225176,C
116,0.6010284127793833,0.4944310592043021,A
117,0.38781803263527603,0.673515642978891,B
118,0.8887568747899972,0.9042441355647237,A
119,0.7546995625472791,0.30281409963737116,C
120,0.8216438848500682,0.02322031440965,C
121,0.8186504492339185,0.20396436225965286,C
122,0.49751731725659576,0.613199023628138,C
123,0.07182698284883549,0.8371213770018032,C
124,0.23896338551447494,0.1383801489130796,B
125,0.4088505307288667,0.9275617669436583,B
126,0.27077768698258187,0.5378740224484513,B
127,0.1285527942202871,0.5430142891220818,B
128,0.5069568177635347,0.6083842495045305,B
129,0.935593793924922,0.6332124371243277,A
130,0.7558297104955256,0.973134424979284,C
131,0.0680311840082416,0.4611413870012533,A
132,0.4295687697984425,0.19644804785255665,C
133,0.04696075546309453,0.26363262967268,B
134,0.74590223761044,0.5158661252799271,C
135,0.04576956408141164,0.38098137883443517,B
136,0.5255250412806666,0.9370176017241211,B
137,0.39996174757849345,0.23491803047604198,C
138,0.6515077400282994,0.03090283935900051,A
139,0.8927994605371605,0.8361018385018057,B
140,0.42561162599362656,0.32952581595334407,C
141,0.7701653422550879,0.7819390579980061,C
142,0.7550634457293526,0.9104478783601653,C
143,0.942129579929133,0.3491986257351537,B
144,0.28199133690721223,0.0366261249069586,B
145,0.0344398552576054,0.5242999087332558,B
146,0.4555086117707521,0.614989322204557,A
147,0.9901490166236655,0.33868799333700894,A
148,0.5063029990890294,0.9576893753641336,C
149,0.210944395722499,0.47549428212963796,B
150,0.7503041858853922,0.5863999551098635,C
151,0.3806745037795398,0.06979330739350542,A
152,0.1292083990801004,0.6798416811184069,B
153,0.7093135278493593,0.6260214030972121,B
154,0.5555774788861534,0.16417284233359986,C
155,0.532269791487459,0.7974976423721447,C
156,0.6898029356836946,0.5899935749791158,C
157,0.773539798827401,0.4817060279334785,B
158,0.3071188528745866,0.34988376135613775,B
159,0.3306118288615484,0.1900663381068881,B
160,0.4748835524971663,0.8949648048617804,B
161,0.8168057697676233,0.7064149643873459,B
162,0.8086998587946991,0.9242998621387086,A
163,0.9362603765450795,0.12948666124723396,C
164,0.08261454272104318,0.6401321815788635,A
165,0.7795350823392033,0.16044089697875308,A
166,0.19091389042206797,0.8887592947191768,B
167,0.24209085212639248,0.9224493897541558,B
168,0.27806145983459485,0.9339072977637797,C
169,0.9066352526277834,0.1766276848228947,A
170,0.2710388210646125,0.8069425136655001,C
171,0.7886353937435551,0.4418522005424531,C
172,0.1597223480661657,0.3168610654244671,A
173,0.24182661046710308,0.7536879707587867,C
174,0.34854195506826857,0.4375188746712333,B
175,0.46945923415333213,0.13304013917629642,C
176,0.36343505125527376,0.5840458623339189,B
177,0.7085148167389479,0.07223844778690824,C
178,0.024538868423567117,0.2018386253526212,C
179,0.552934779968622,0.024823486743142942,B
180,0.3336282338800315,0.18051396295403388,B
181,0.44924508040483335,0.072959507923956,A
182,0.03701122144628766,0.6434736621536175,C
183,0.9205172171267576,0.18334325162970122,A
184,0.5953973044973411,0.6413260829631134,B
185,0.15266838724782283,0.28218171250220336,B
186,0.39698585933350483,0.9142621431697929,C
187,0.5615617119223504,0.5349683370225593,A
188,0.6058059781444245,0.926809508051371,A
189,0.7182451272065662,0.007474921245515409,A
190,0.43074170451165994,0.5579402218981527,B
191,0.7766111469327067,0.3272368878276978,A
192,0.25109732770922777,0.3593497242209952,B
193,0.013995095281519099,0.8480409543501379,A
194,0.6066189061061682,0.6549013532738603,A
195,0.37138582919587226,0.16403988492245491,C
196,0.4951126230289684,0.5576216242306895,C
197,0.6599353295991753,0.5662879400431873,A
198,0.09168893046647719,0.4587163820230893,B
199,0.9668835200591307,0.8519913079080905,C
200,0.513771065207617,0.09742687101431824,C
201,0.3934652254665979,0.4808170955836697,B
202,0.33385584103285815,0.8654306762522113,B
203,0.03609813046313104,0.26166522899364664,B
204,0.36203242772909083,0.5972678597815871,B
205,0.011725366035168494,0.530590014842228,B
206,0.9413019503978639,0.7124021378441026,A
207,0.5922450907305816,0.19215042183149655,B
208,0.3504049219938119,0.7122137797192281,C
209,0.5733563007394457,0.789006292866911,C
210,0.30476638873874295,0.4804861869900041,B
211,0.5257711458106021,0.1289291384777158,A
212,0.03431586023608113,0.2917536626217565,B
213,0.2590725411496294,0.6888284284845472,C
214,0.889464036095252,0.8276074989412554,A
215,0.7600253126385258,0.41690487639600204,A
216,0.3170541072766253,0.8078273345323557,C
217,0.44728707561442327,0.29776009869171893,C
218,0.6109035963134811,0.6510481061142015,B
219,0.8185152969393128,0.8869007040910625,A
220,0.5182204450353445,0.2352921746949036,A
221,0.3208371914081921,0.9589432875893076,A
222,0.7248885847530615,0.624592341162858,B
223,0.7282865355600534,0.22794018479552647,A
224,0.26956198282173105,0.17490974719271746,A
225,0.8892799329511945,0.880990322884895,B
226,0.33472860407309657,0.6569674887945808,C
227,0.7525846679233996,0.4274829749748752,B
228,0.9433580317108731,0.07651914437435259,C
229,0.539109663861257,0.5340063537539876,A
230,0.6424981485227815,0.9488818208495333,A
231,0.41394261043776104,0.7104447768148594,C
232,0.929807044188927,0.572511453744945,A
233,0.6850673069478871,0.3767884507874948,A
234,0.7956236326977639,0.8390554723596757,B
235,0.9960656724175845,0.6416873173375359,C
236,0.8374254957790193,0.46712062290670386,B
237,0.6850710724606961,0.9440965671818531,A
238,0.8203083052112041,0.3490067789629646,C
239,0.3701211602618659,0.9490731461093659,C
240,0.2694669445271307,0.5893848150678597,B
241,0.9985717282823797,0.5414211997540269,A
242,0.7937401603576909,0.07832868171691865,B
243,0.783033377452688,0.17386845844875676,C
244,0.8102835191162672,0.36313795345552724,B
245,0.5881220258499653,0.7818190498268038,C
246,0.5745362838030755,0.28525942638373547,A
247,0.24184291769014699,0.8574683390956805,A
248,0.7845665330629111,0.22872938780493468,C
249,0.72799422897207,0.09603769037181009,B
250,0.7167266158682448,0.6274078251940622,A
251,0.5356327123215504,0.42786422193787865,A
252,0.46674835796776215,0.52156890455249,C
253,0.3184716615235732,0.0035225508472063183,B
254,0.8994092702941209,0.3254450259437571,C
255,0.573270007391276,0.17510117220216548,C
256,0.2200641025704656,0.1512892298417028,B
257,0.16057254905352525,0.743526988804937,C
258,0.6875664623487346,0.5214347372398835,B
259,0.6922177654029159,0.21947563847636442,C
260,0.22309696746103702,0.14143226345397542,C
261,0.44696836046653377,0.9554192851537391,B
262,0.46462082122576986,0.08107764731977318,A
263,0.22216270083219725,0.783108910138528,C
264,0.7561590815627893,0.6912354003470556,A
265,0.09830090390085267,0.5748627473280608,A
266,0.2208825737868183,0.6588049654255819,C
267,0.6778250754380436,0.2704229760619753,C
268,0.4697603372022473,0.5551996651701909,C
269,0.3094064722218498,0.5810176511031152,C
270,0.5356900379944046,0.11108142269628296,B
271,0.06893132773789046,0.4829544729757451,B
272,0.894363023153191,0.4683217744709729,C
273,0.4062959682660492,0.24878322736449443,A
274,0.6358460320895662,0.7321139078280203,C
275,0.1083406597819867,0.3775170042326882,B
276,0.592274787886754,0.051106594812881045,C
277,0.293586311372087,0.6243217755708568,C
278,0.7296151107409746,0.7335036303509379,A
279,0.4517976041689187,0.6703473778041161,B
280,0.614531631341592,0.4823817171912326,C
281,0.3409512941771258,0.4794888509578583,A
282,0.9376375892456068,0.05714215194305017,B
283,0.9752610501704614,0.19083093050517785,B
284,0.982609261155961,0.1913569894260433,B
285,0.19054467026644395,0.7094711886603756,A
286,0.4901838860065907,0.6430080297735682,A
287,0.10893477450229072,0.3344830227128365,B
288,0.8498934424462364,0.3680164819218714,B
289,0.5576304478184357,0.19945650069100784,B
290,0.30785706600198104,0.6223696380883027,C
291,0.5165707900648505,0.9486078024630142,C
292,0.07494335074137382,0.4161976122744071,B
293,0.10812733761168714,0.35418846613432897,B
294,0.44654305983270925,0.01713556256851345,B
295,0.5682019041258365,0.3459770510098825,A
296,0.6327120945594288,0.8097871540742599,C
297,0.6501993908208894,0.9438417739702787,B
298,0.5346498155067273,0.8362341405218598,C
299,0.6334885534042344,0.7578166956405836,C
300,0.4695473053501934,0.30007936527465373,A
301,0.7209888015444222,0.5464798629668925,A
302,0.9663994305718699,0.9499024386843515,C
303,0.6101936124399798,0.747261496000445,B
304,0.6280988493155072,0.11172262131361399,A
305,0.9776175788689556,0.9056787687166565,A
306,0.22004907691813635,0.25810125324283095,B
307,0.7857229882232808,0.9127308833305492,C
308,0.25802758547608073,0.5918163201846477,C
309,0.8177323950535659,0.23266602197908626,B
310,0.061277681822131,0.02743857021212992,A
311,0.5656069290681692,0.36343741107273786,A
312,0.2563962159597414,0.2902661203214061,C
313,0.6760849587091816,0.8324143596721573,C
314,0.44937934770995014,0.1304348921454067,B
315,0.6450289251161593,0.005423838100192646,C
316,0.01806090534902982,0.8376439074672567,B
317,0.46188822603067714,0.13495136602092195,A
318,0.9198537171212902,0.0899174169074557,C
319,0.44848192156495115,0.11728754385417428,C
320,0.31289623434677016,0.867118509078771,B
321,0.5481931879406456,0.7761416792096655,B
322,0.19615673752312368,0.2413783285190746,A
323,0.40180886067040544,0.024596659877120453,B
324,0.400822230836682,0.1345951784080246,B
325,0.1309136934386539,0.10042280151949645,A
326,0.7782311858776044,0.15151885468589288,A
327,0.8134367561866985,0.10583376454038507,C
328,0.3974039857983428,0.0010143667158173386,A
329,0.16605095449945795,0.22014366481452707,B
330,0.17235668112943625,0.07130300333147133,A
331,0.684738055603476,0.6367647079234163,C
332,0.3588014550403953,0.9992808642095914,A
333,0.8405389577857074,0.6918828081420818,A
334,0.7781706088485066,0.8185503597490675,B
335,0.837993285377624,0.8075227111255996,C
336,0.609843733234383,0.5343641969552978,C
337,0.4715669088265577,0.8364229570304587,A
338,0.693603315412219,0.28307978749572227,A
339,0.1387778544524626,0.4781443686811102,A
340,0.8026502378026033,0.5647732176938828,A
341,0.6061286192286556,0.8808598463433958,A
342,0.6000426325198136,0.15455520768906883,C
343,0.6218277197960487,0.31048924421251556,B
344,0.6528985053297943,0.7428568071164482,C
345,0.17546178174773341,0.910612006730048,B
346,0.14587838160198285,0.5624532168682375,A
347,0.38206013775291503,0.8477852263146107,C
348,0.669204231482735,0.8304135961557644,C
349,0.38784925121195424,0.8121778214281524,B
350,0.045885826968147025,0.3172813571499097,C
351,0.3207239549454223,0.8959515164866667,C
352,0.27403917212197115,0.26789625256991545,A
353,0.037798643532715115,0.6630505005334885,B
354,0.09058511463997343,0.29614357588783224,A
355,0.7350452278005897,0.7777830462100531,A
356,0.6244304708583919,0.08530299056923352,B
357,0.4861232546395319,0.07499746214122571,A
358,0.47949597473364935,0.4496885616502172,B
359,0.4617874441052394,0.5617783471164597,C
360,0.8307638254690606,0.050462048929375114,C
361,0.8444946689991641,0.5794414308023048,A
362,0.6852392709343638,0.38218357066808306,C
363,0.7611046662516349,0.7497951292700927,A
364,0.13154621523132592,0.651966845802432,B
365,0.010168658450394497,0.11430252615846992,C
366,0.012892235800471163,0.3383937405740577,B
367,0.05171942644417593,0.052546250505176806,A
368,0.3019271182255182,0.20066960266584666,B
369,0.984959454794622,0.9867538105476918,C
370,0.7176558577267422,0.47444315254646374,A
371,0.7550174034256839,0.3566569472971316,B
372,0.37101527410056967,0.5475269920513434,C
373,0.9736827450947662,0.5991555309120202,C
374,0.9442866024198329,0.8792824986969657,C
375,0.3538847941553195,0.3134089747560933,B
376,0.20113796828976638,0.5705813199560976,B
377,0.9963643013795367,0.24940392579211268,C
378,0.018652585503315833,0.34001707465202147,C
379,0.37221206371598337,0.9269577608673774,C
380,0.5695129519745656,0.2328448875248622,C
381,0.8677119860129586,0.4119104124482801,C
382,0.557514279786959,0.2774203087384056,C
383,0.9277794360377731,0.6865999053393923,B
384,0.5666910025302823,0.17664035738888695,B
385,0.10633865039295609,0.7422079998998223,A
386,0.6699749989521809,0.18054563139056568,A
387,0.9789717806445437,0.3095825544358357,B
388,0.17260937699587187,0.11672414060224934,B
389,0.462396171629497,0.5982368670864863,A
390,0.04357057115341345,0.28442684089926085,C
391,0.13151869806444694,0.8419301559317097,C
392,0.20021227466026348,0.41194350326715656,C
393,0.7627084724030064,0.8733208198423384,C
394,0.9795922462152635,0.7942150805091776,A
395,0.5747891561944228,0.5042273252414391,C
396,0.9638472611087741,0.1312977639873122,A
397,0.9861426624812598,0.6238121241779757,B
398,0.47628625987740725,0.7033427047463312,B
399,0.4476411898693091,0.7268628815677406,A
400,0.717552679739113,0.20071340803366766,A
401,0.08732162422288092,0.7295085707290293,A
402,0.2515568103378565,0.574000264672696,A
403,0.2525913388547303,0.8207057401624605,A
404,0.02991935441450755,0.7856487537717691,B
405,0.5255649148717081,0.5622538470263002,B
406,0.5602465207344832,0.7290699634019524,B
407,0.10230817437717044,0.8672479393404412,B
408,0.9318837674234205,0.8295233225678103,C
409,0.15953439119035306,0.15772779474094767,B
410,0.24768541489341678,0.7216296119898571,C
411,0.7385709325461742,0.839230423230702,A
412,0.16502386539577507,0.8238290906076092,A
413,0.6514707382852942,0.6461085285632122,A
414,0.780867771906386,0.8934736537549133,C
415,0.9415375143446177,0.9933537706775715,C
416,0.5083331050430676,0.5675298166517971,C
417,0.8080497063940819,0.44857334437715213,B
418,0.7416267161176074,0.6177867406023414,C
419,0.6974267211277398,0.009025661468316293,B
420,0.5986854406651033,0.6228492932051759,B
421,0.5327751743569655,0.5664056290272408,B
422,0.9137507608469639,0.4651198117135811,A
423,0.5105659048995973,0.46417734319608794,B
424,0.8921849387515849,0.12373136686285102,C
425,0.009943999100752277,0.8148755056876738,C
426,0.3833579428913717,0.25352742384446025,A
427,0.3265774978135164,0.3976721148548874,B
428,0.44019579534843944,0.1143478434095635,A
429,0.04508857517847964,0.30052886255879796,C
430,0.5916780382145794,0.4866890113185729,A
431,0.5115973779575049,0.8937590587549159,B
432,0.9770354800067048,0.2560456588472231,B
433,0.8787116764015815,0.48112351708944456,C
434,0.7307852522691485,0.20075057274590347,B
435,0.5307977364966074,0.9790913037813638,A
436,0.6177198308648265,0.2361787684876897,C
437,0.5915465375714478,0.9752398428703138,C
438,0.35508665399350525,0.08447701731199975,A
439,0.34230931319131497,0.9616330062161978,A
440,0.6942009612912671,0.33507943627145476,C
441,0.027054705868948536,0.9665677052262277,A
442,0.259906026659654,0.3616324548871359,A
443,0.9331011225502676,0.733341328698494,C
444,0.47486245143436434,0.9281729300311127,A
445,0.6746051211445873,0.7379180204948332,B
446,0.9015932067854718,0.0023309200188146306,B
447,0.44328316452398075,0.8845910247309726,C
448,0.45781637760333616,0.327084352479173,A
449,0.12045164103239314,0.3204374267062753,A
450,0.8827253836655019,0.4785263095188145,C
451,0.5908205484902033,0.6220694089652357,C
452,0.9624027269425546,0.847904997503868,A
453,0.2484323924759817,0.4911843058206983,B
454,0.4383972254718139,0.9680405225170399,B
455,0.8193887699099239,0.030383016103538774,C
456,0.7888663255422896,0.8905706559761308,C
457,0.4045378642540435,0.4766877625042466,B
458,0.40427589608375236,0.011821278649247868,A
459,0.670583337638633,0.7571644230653918,A
460,0.18466592289899186,0.728140328295286,A
461,0.275927338304237,0.9579523475788693,B
462,0.22085224207717302,0.8891997293451872,A
463,0.4499073372368526,0.20588114057285956,A
464,0.5417619786356234,0.6051094029399688,C
465,0.6646882908326757,0.9403057178058047,A
466,0.052619649764878984,0.260245896571482,B
467,0.350866584242323,0.09271395519840997,A
468,0.7262630286534169,0.2721994292104819,B
469,0.08629465707542383,0.41220271021927923,C
470,0.16425506900141018,0.9556153062352166,B
471,0.723147412065328,0.9029364157723797,C
472,0.7801936264384376,0.5435033876134396,B
473,0.5930016665507847,0.718244550934755,C
474,0.3972083915802822,0.4941787646643896,B
475,0.3583651336125029,0.06807351276275275,A
476,0.911748835003519,0.1419989904072364,C
477,0.4116013266790862,0.009799548644798928,B
478,0.6781107543492936,0.8714014245421866,A
479,0.27512862892414236,0.17319016802909815,B
480,0.12025314688643784,0.17346433690742735,B
481,0.6525348808466859,0.6855105935242725,B
482,0.33972721735396216,0.6623412817275734,C
483,0.4734639579081199,0.3007926353222812,C
484,0.9052327302043693,0.18089711977331402,B
485,0.4076423145767947,0.9675056760104536,A
486,0.3382641170948396,0.3426291188722418,C
487,0.18200388349084395,0.4451946767073227,B
488,0.08235829501675629,0.4241597154954817,B
489,0.15232437737904658,0.42950034245094204,C
490,0.9965561503952663,0.8559685690590668,A
491,0.22915743850811643,0.21353812486854706,C
492,0.23065453059527774,0.09748917441879956,B
493,0.9076713631018395,0.9685416993472132,A
494,0.4209537635050452,0.5767584298447225,A
495,0.46584561569408567,0.2697162617039708,A
496,0.723082953941443,0.20458131665169366,B
497,0.7324510744761057,0.563381750771383,C
498,0.49560003744532366,0.7055633086444131,A
499,0.5291815513877608,0.8904778259967839,C
500,0.07808991763436413,0.10561763142563352,C
501,0.6277964052593332,0.3867857626319423,A
502,0.21373217351380325,0.686715912618482,B
503,0.11851804246493547,0.16941623398172123,A
504,0.5777503054325148,0.8173959700220867,C
505,0.2488912592165753,0.9613962052808314,C
506,0.6157416819588732,0.5710880181265505,B
507,0.5249780067910318,0.28207684657580745,A
508,0.5381933742126969,0.2407312317340391,B
509,0.5975484536681397,0.7319709956356508,C
510,0.9420769265947099,0.3639162822815838,B
511,0.23595951920804425,0.41696843877407697,C
512,0.14524196298073488,0.6585366932953272,C
513,0.10725492122201152,0.49400512133452856,C
514,0.18227035985176365,0.9252420980710768,C
515,0.32351069697059687,0.9244794454217113,A
516,0.7204586072658918,0.09617072040300534,C
517,0.5869891145270573,0.6313394733265153,A
518,0.9326431533558944,0.5738774246008329,C
519,0.1812590510146731,0.7468500749605598,C
520,0.44760069672490477,0.7304918922814704,A
521,0.2675183416753757,0.047787193856826615,C
522,0.5964938834307708,0.6596907244127328,B
523,0.5941847498783318,0.3859626062203,C
524,0.31229246522740184,0.8594852796281902,C
525,0.2445655529213404,0.6022713204893267,C
526,0.3523359074097995,0.8107398194006161,C
527,0.022504041747621883,0.3207682442869808,C
528,0.8823416830715152,0.9690098600649957,A
529,0.5856323954419747,0.6637595028885684,A
530,0.06498881371804555,0.16351275999973547,B
531,0.23543282140174093,0.33079186323646537,B
532,0.5224959549819069,0.5770850240247077,A
533,0.11016426509314403,0.7258925619997694,B
534,0.006371710950445975,0.5169191336348933,A
535,0.6911105741977182,0.7747928976142329,A
536,0.09586573973090351,0.8775688773763427,B
537,0.6541878527789129,0.7110667558269111,B
538,0.7070171292689956,0.5007488903801349,B
539,0.4011604058391828,0.9462076033594897,B
540,0.0908435777739226,0.8058455335949485,A
541,0.4412614830058983,0.11450432168052538,C
542,0.8455111103855761,0.5213753190958644,A
543,0.11171201255843677,0.769348210878164,B
544,0.06194075727569581,0.6281100542393703,C
545,0.8421625243770956,0.11959471224489138,C
546,0.25152187909003,0.7872167248307655,A
547,0.8538572436953953,0.1165376458008901,C
548,0.8233105518392956,0.7103336944258745,C
549,0.38549445492681034,0.3874847308959182,B
550,0.03720547523867912,0.8474597449434041,A
551,0.03224110787823764,0.36438336671700833,A
552,0.7372292712749785,0.9743952816913716,B
553,0.9847527778245586,0.38139773879147676,B
554,0.7520782549320773,0.6714324606691771,B
555,0.3917342740343762,0.1264430137717063,C
556,0.17323095280673306,0.327773804701716,A
557,0.5124050628825845,0.10618907183044524,A
558,0.5331687421313392,0.16106277308334538,A
559,0.9553615838076134,0.4991874286826996,B
560,0.14459760650913145,0.2840186110573715,A
561,0.1792252532234443,0.9664548725234967,C
562,0.29181619245855395,0.40647394401344494,B
563,0.2899169128679262,0.5999677376372763,C
564,0.5694558220469836,0.7940411360282623,C
565,0.6456626652025342,0.7828250007457965,B
566,0.29257922054439334,0.03191031336231598,C
567,0.13543855689624607,0.9141787554926287,B
568,0.17061906244966374,0.3944882025474784,C
569,0.8015520528621723,0.21664903515727219,C
570,0.9661474482924465,0.10645437515586531,B
571,0.3974208304883594,0.18248409872661608,B
572,0.9974595623636788,0.45616558162632126,B
573,0.27030044849890267,0.16822884710546926,A
574,0.14365351606880383,0.575840974689869,A
575,0.3358848473849394,0.14128149311337634,A
576,0.7285478929371166,0.8450490241897737,C
577,0.09047921070146603,0.7547059768110445,C
578,0.9492756274391698,0.4605653829367312,C
579,0.987917780816971,0.1679749047948519,A
580,0.7822448663129,0.7049541424905086,C
581,0.028384761515730328,0.09144818752972739,B
582,0.48424332358030975,0.40342855924929655,C
583,0.9099464866297754,0.3067839309352631,B
584,0.7651027286404716,0.06063295782884737,C
585,0.40469166104931986,0.5098567277531599,A
586,0.060364671897884525,0.19734080442644175,A
587,0.7447245750030783,0.8157891570766068,A
588,0.23669192284071106,0.425989772477404,A
589,0.0654573902557184,0.8066893836009443,B
590,0.1448869372638426,0.048761907948471794,C
591,0.36686934677621896,0.4317057576135601,A
592,0.4490251693993358,0.7317785273363367,C
593,0.7430482756263503,0.188269315614787,C
594,0.9521954900084652,0.45835967546725565,A
595,0.24704659110146676,0.5308243110609963,C
596,0.33963318974967405,0.7962898369555316,C
597,0.7803043893304186,0.20745372355064706,C
598,0.7695634711517029,0.9810029622503892,A
599,0.5502068864676246,0.5841294685841405,A
600,0.005704051753224082,0.6390381784523996,A
601,0.4821534665531856,0.651717394651375,C
602,0.22504629637633644,0.9312877058920908,B
603,0.7820225253173283,0.2331975440024987,A
604,0.9950478716313349,0.4288804696485239,C
605,0.22919834486331936,0.3883326738132995,B
606,0.8288018106411483,0.728640649086036,C
607,0.36681424713586896,0.7847933257164034,B
608,0.4603258025138065,0.1113240155369194,C
609,0.14376826867477066,0.9328670695618201,A
610,0.10580277306566199,0.4643810033827296,A
611,0.16337295815567687,0.19866698106185754,B
612,0.46396134026051505,0.19598821952351053,C
613,0.12226100693062025,0.6326648399934445,A
614,0.36532754304901816,0.7810973389652187,B
615,0.13529566111773395,0.11642817394044835,B
616,0.6586489904546985,0.23906066309282592,A
617,0.31612775697974305,0.5555761564628158,B
618,0.6315683097398004,0.9545869609621419,C
619,0.2367675156192266,0.7550442108783679,A
620,0.4849429185477686,0.045733267012439516,A
621,0.2599076501263071,0.1449233094361707,A
622,0.2935706952737799,0.46504603285116963,A
623,0.01914055262836345,0.01607047997897626,B
624,0.7435577361103669,0.6684868974563083,A
625,0.9653972651350227,0.29713109396711135,B
626,0.25369058814025425,0.25743797890524367,B
627,0.5963492129353118,0.6189404640688084,C
628,0.4576804105918001,0.16163053073368394,C
629,0.6379738815563711,0.39695165325028403,A
630,0.5989314102156292,0.3440735698984937,C
631,0.36055662529847154,0.8313436155930755,C
632,0.3007079472860047,0.9583046754630365,A
633,0.7212159293567115,0.3457558916069584,C
634,0.03381196622071714,0.7113381111879609,A
635,0.5804913608087685,0.797262978567227,A
636,0.9852356450863999,0.20113814485643067,C
637,0.16457855706460378,0.07605619836450483,A
638,0.6473701374085825,0.2600071919373591,A
639,0.7296793106144246,0.9270147828715861,C
640,0.47407841481003743,0.47340461770400366,B
641,0.9956650231208661,0.5550737467866524,A
642,0.04282814288397341,0.45675926443268466,A
643,0.4800242773875094,0.13953732324023194,C
644,0.4505257146572076,0.07293849205282321,A
645,0.8176655112618915,0.4785156995306189,C
646,0.5565715846585875,0.9609725386949856,C
647,0.262170336473163,0.9915389499151874,A
648,0.6830997929992774,0.11020660833792595,B
649,0.905539558948781,0.9989713980984879,C
650,0.6471462134573677,0.08743115376003374,A
651,0.6961884495058742,0.9075792622770991,C
652,0.8229547409062061,0.6650466657457582,B
653,0.5076482043580806,0.7955249490581708,C
654,0.0818594243452917,0.42006225700775923,C
655,0.4335909910831386,0.6267518369997034,C
656,0.9770764560277114,0.120942332418987,A
657,0.7945886557421649,0.828382561147052,C
658,0.2346462022419663,0.1105683209936581,C
659,0.7072272502042138,0.29479738439480985,A
660,0.40961191469962266,0.7874039089951648,C
661,0.8444707314813745,0.2851347831575889,B
662,0.6289503436481598,0.09457122632964876,B
663,0.5110082027955818,0.11591696625984005,B
664,0.08259759802633304,0.8445563999916461,A
665,0.4726496037297855,0.8832759392249454,A
666,0.9559480715065154,0.6580807242757453,C
667,0.5970844105760251,0.9138829956862804,C
668,0.7202017442087364,0.948370839377138,B
669,0.18116525984515808,0.7813948493622429,B
670,0.22207349308155788,0.3471675971735545,A
671,0.627265843995396,0.021619493394908207,A
672,0.47403537727715406,0.7833301155381032,B
673,0.29075978632813304,0.8405716696568167,C
674,0.7577713558943167,0.8293170812235441,B
675,0.9605730064712777,0.830598803789199,C
676,0.7207585999783013,0.8409122995220244,B
677,0.5741321632680457,0.3068734189211506,A
678,0.5555397705534642,0.608483953214434,B
679,0.6772351498746447,0.0886784844751266,C
680,0.5008211708279703,0.47918534942615887,C
681,0.6395125649593868,0.21254860348107085,B
682,0.2453365349348432,0.6753072919433765,C
683,0.34342876647077014,0.025471291811703267,A
684,0.8487765253635647,0.32251690399904354,B
685,0.13009751301863226,0.5290396136884764,A
686,0.01600165841782808,0.9439965114266625,A
687,0.6824892480853871,0.6252161151194727,B
688,0.5009625129444742,0.10888414478967978,A
689,0.7535808671525953,0.8477681846881412,A
690,0.23928630555693242,0.45936129671902093,B
691,0.3443110032867699,0.4501806022313458,A
692,0.25783829814045356,0.7605542995640494,C
693,0.30982986811186564,0.8183845534758998,A
694,0.4335112090859259,0.3037973585825259,B
695,0.12325880068404049,0.9256268360058006,C
696,0.23379064674917882,0.18849484422448348,B
697,0.7688114491065987,0.42326593971581017,A
698,0.7759946119066984,0.37263691391120923,B
699,0.8458662176598554,0.13972613374968623,A
700,0.18456821940562151,0.14098823080214007,C
701,0.01601043255019652,0.34147790083324425,B
702,0.6975849491699426,0.17034695201710504,B
703,0.2562340525378314,0.11151954869291192,B
704,0.2505552150888003,0.8642491741300314,A
705,0.42344748275720456,0.18046457378938618,B
706,0.4627918451861226,0.22729734627578602,A
707,0.0814106411833524,0.09978778467670935,C
708,0.1317707199099063,0.7675377677140424,A
709,0.1865903026764999,0.8159527081395412,B
710,0.7514918003690318,0.8066645504282924,B
711,0.28407946527655314,0.6027700998533001,A
712,0.714579064952796,0.49053260589870107,C
713,0.9243315445256856,0.16247894709965072,B
714,0.504777551593657,0.3845262540719935,B
715,0.4547450094545227,0.2270311842806909,B
716,0.1927291738496263,0.9818965143806947,C
717,0.641292201858169,0.8376687855036445,A
718,0.5587419419310706,0.5430969676293141,B
719,0.8274537506439981,0.4167403570526338,B
720,0.874926635754353,0.37533800901188163,C
721,0.049027443824354866,0.3978202213171951,B
722,0.40601235247494616,0.22555453322750263,C
723,0.09644885154388982,0.2810190123890002,B
724,0.34526175203708565,0.5332349554631701,C
725,0.9865176714142283,0.8968698785904986,C
726,0.401720990715149,0.8825308864416285,C
727,0.7593515641910922,0.6372508213371197,B
728,0.4529345329495883,0.022807757073526558,A
729,0.8449305426928961,0.3861666867813134,A
730,0.8336676210461741,0.7199482331207797,A
731,0.7073819021652458,0.3586296606528617,C
732,0.26335455841184474,0.2647618316171886,C
733,0.4342194154837289,0.6551577728935022,A
734,0.40761675459881974,0.3923031546921224,B
735,0.410292510642028,0.9909258752071315,C
736,0.8403871689676367,0.22492370856023136,A
737,0.28301167328114796,0.900702693590077,C
738,0.13731900488115545,0.2604109455477971,B
739,0.9207689442959128,0.4333304978036673,B
740,0.44324144911720875,0.17930943250183773,B
741,0.24249186797200994,0.34398253694189285,B
742,0.8206080672221298,0.6541398768387717,C
743,0.5992337637523615,0.38331652688411955,A
744,0.6300995904910424,0.9813609815268973,B
745,0.4231954661285844,0.812649813952475,C
746,0.8875927255038252,0.06401869633060764,A
747,0.6145167535475378,0.4989823787006773,C
748,0.42651491235740513,0.098376648953445,A
749,0.8908685028671096,0.3186081788135092,C
750,0.36973521236938245,0.3500714562213987,B
751,0.36219070557841504,0.011605503110474258,C
752,0.23683604266131542,0.7455624376724898,A
753,0.9808773867214398,0.15954646347902413,B
754,0.31454109923763685,0.6224591781139007,B
755,0.9431559332631207,0.8924994627795538,B
756,0.2440994799800853,0.23450954100676558,C
757,0.30572592658016695,0.23821679348035774,A
758,0.8246234628790787,0.5067334373963738,B
759,0.17426313994375708,0.9775200116342483,A
760,0.8240758801454625,0.01691842295278745,A
761,0.8425778958093872,0.7654054176794424,A
762,0.7847702824486265,0.04055441004654914,C
763,0.34804577190426644,0.476003559353975,B
764,0.6792736610731049,0.981242848822837,B
765,0.6884185867430993,0.30555938615044664,C
766,0.6814131183304306,0.10649525823483819,C
767,0.4158322103309171,0.38226853352580614,C
768,0.7699617805457171,0.5049996063138829,B
769,0.7189249960895607,0.8613313041610895,C
770,0.272924945359143,0.7192576358003928,B
771,0.45947376951645913,0.042033207795950656,C
772,0.5231925920322681,0.11690074323928057,C
773,0.4507564184189917,0.3702802055694895,C
774,0.009165243417859181,0.23530252056144862,A
775,0.735031654525651,0.8064918210346117,A
776,0.38603556478433876,0.03460797441543628,A
777,0.868719591367841,0.41422498969768284,C
778,0.884195967724776,0.1883703501805477,B
779,0.14201818877855688,0.9089942377651324,B
780,0.7721813449314102,0.347881557982037,B
781,0.9458256631909903,0.20881552918656365,B
782,0.3557369072709522,0.8869305628644398,A
783,0.6636698907742327,0.25289793312154385,B
784,0.00995744735555859,0.0380749037953495,A
785,0.7124192537054896,0.7538437759389501,C
786,0.7328681422925801,0.5792319446005866,B
787,0.058434075356673776,0.6259060463732917,A
788,0.24955497381339775,0.42889110419850185,B
789,0.9421452614347451,0.5816027728238659,B
790,0.7126762330008606,0.9215372167746856,B
791,0.6755992870385588,0.11894024461853969,B
792,0.535689738540375,0.09845451679853834,B
793,0.7714596334146202,0.4660827123696457,A
794,0.697374672987743,0.03352633815179551,A
795,0.5709409412803752,0.4142471424767302,B
796,0.9816719209591348,0.4432129570954729,B
797,0.999633082294277,0.308498767618804,B
798,0.5729709741313793,0.08138109295470519,A
799,0.6530038163022757,0.7140572056104137,A
800,0.959587327866568,0.9630988602527197,C
801,0.17869446337547212,0.9524496886507461,C
802,0.28635958163782205,0.16735380661390775,A
803,0.31005945736341656,0.335911758681368,B
804,0.18334581819741969,0.9234566564972632,C
805,0.49832897785863406,0.8647618285380592,C
806,0.38152422736475733,0.5065375353221622,C
807,0.347892158183952,0.986791727347445,C
808,0.7753805160884107,0.49830439063972,C
809,0.5828987940294559,0.8973948091863135,A
810,0.7569188151263875,0.5371547514342004,C
811,0.09066769005028064,0.4005874367237855,C
812,0.10385117616516337,0.6896911031475155,B
813,0.9509527819462913,0.6849713415906115,B
814,0.16122865125058738,0.7194463683384297,A
815,0.566932766972606,0.6681193628140208,A
816,0.9695346804564514,0.3550619491872391,A
817,0.7747877111222434,0.07512418174102886,A
818,0.07998233505709895,0.6362965199930412,B
819,0.4048575846642287,0.7356842137202508,A
820,0.2353738829063592,0.24481478927305866,C
821,0.365063106415931,0.40799793220778524,B
822,0.38324889961714637,0.12238209056395588,C
823,0.8759457657121998,0.37394942314774127,A
824,0.2867761453607254,0.29322192568158567,A
825,0.9891875654669613,0.9525860126126796,C
826,0.2594463292532696,0.04867422533182897,B
827,0.4621826397788563,0.296055110082992,C
828,0.3712827370066252,0.6414274415931371,B
829,0.10513621143349827,0.963592223861724,C
830,0.9783278648265582,0.06714568197610049,B
831,0.6698216307749907,0.2594668991825332,A
832,0.9897583790283503,0.35927313273268513,A
833,0.11173920059629161,0.7521778044392866,B
834,0.36101399305749415,0.9201895952068768,A
835,0.46381093035357246,0.687732830190404,C
836,0.2460150850353151,0.34591324103848275,C
837,0.6574511948583556,0.4635496925269188,C
838,0.9409672397032376,0.5152277446720379,A
839,0.05054432830023281,0.21691858652292295,C
840,0.7376674886780694,0.18935318645378074,C
841,0.9806739793264689,0.1876006457378664,C
842,0.5187087259835202,0.9183765475555417,A
843,0.698825779474968,0.8599267736593309,C
844,0.3818505227486577,0.12591220888102084,A
845,0.7383677568207768,0.14450013872487943,B
846,0.9111981411737308,0.16957747379457178,C
847,0.1217222282047905,0.20346078374258636,B
848,0.9205570103107493,0.9541772056981985,C
849,0.21713779001197986,0.8371765820273666,C
850,0.40284965026980024,0.7864066186680798,B
851,0.7122335140187457,0.13178252608897578,C
852,0.20227381670488875,0.5836680688585693,C
853,0.028036965398628988,0.41261027368862857,A
854,0.06460535925511157,0.11686934055296327,A
855,0.7427918126503709,0.6965745517785843,A
856,0.9663456432347339,0.8828729464058118,A
857,0.12749257316249463,0.015830540983606367,A
858,0.535423389386685,0.1368547802915716,B
859,0.5127849710199229,0.9779165322080947,A
860,0.8986268964622771,0.07494733280590293,B
861,0.06729966938975973,0.3816394504417713,B
862,0.7084826075668698,0.46474504842602915,B
863,0.596506077821447,0.8491676015050312,B
864,0.35347498503249253,0.12027404891659621,A
865,0.787122748402925,0.007855000699705239,A
866,0.9515061147463748,0.9799901215953044,C
867,0.5919977333912422,0.9488834691172175,A
868,0.4490488213247097,0.050700559278961554,C
869,0.9818512087129164,0.5117553723651462,B
870,0.05558897507789207,0.41415003087653324,A
871,0.2528037583912919,0.7315735719481934,B
872,0.9247811486094124,0.1857369662406707,B
873,0.7517988024941377,0.3101703551351137,C
874,0.7496143145620873,0.19763818476169293,A
875,0.2901862685311136,0.40656220321551395,B
876,0.10648374788630455,0.6228199317958102,A
877,0.42061346792625964,0.9591185977475168,C
878,0.8677711688184919,0.8042915021416159,B
879,0.7702903745113123,0.9738779744814186,A
880,0.965407980100785,0.5840056561043787,C
881,0.8252872429814249,0.08392440135892232,A
882,0.9457876267641763,0.8785468560525144,A
883,0.1130443237226354,0.5488714773839252,A
884,0.8079579566249403,0.7829881872390543,C
885,0.35752489787553376,0.9418134059810686,C
886,0.3018849943289521,0.7855798036631879,A
887,0.49740126595794887,0.07170873697786484,C
888,0.6903554803426468,0.25313240344796273,B
889,0.9707652253873921,0.6626304363737088,C
890,0.5000054830202707,0.40697779079869423,C
891,0.8299933469658737,0.7475197910551952,C
892,0.4808359618505984,0.8645003437448385,B
893,0.9520711394892623,0.5708634612474368,A
894,0.5439344898382316,0.6531573331970875,B
895,0.4003010738912094,0.2625183710058888,B
896,0.855319424458086,0.954215545497505,C
897,0.17062216104679095,0.41279630762116193,A
898,0.4587901785145274,0.9885181890665559,A
899,0.7835634826352347,0.7417184297280325,C
900,0.23740991853599513,0.08614292220879438,A
901,0.7510006222784673,0.5776161789937118,A
902,0.5760965076514449,0.26007489247063875,A
903,0.4529028883623303,0.667656543420431,B
904,0.1046111396823447,0.5176365355178134,C
905,0.21755792121755202,0.9805090237649539,B
906,0.6542807668672502,0.09794490363293751,B
907,0.8577463410408851,0.004098085424737663,B
908,0.15754775500648455,0.969868611051057,A
909,0.029332897982127126,0.6703706399114455,B
910,0.7681558964387587,0.144084552909438,A
911,0.9403849441357709,0.624157697764189,C
912,0.03749377514218111,0.6419998641086082,B
913,0.39925944910871614,0.42854417206017104,C
914,0.6889985991997031,0.744812323446312,A
915,0.6176796783242582,0.26363250565730445,A
916,0.22452996515476875,0.7014363511068635,B
917,0.0080169000244118,0.5366846186141193,A
918,0.09684967877258022,0.019923785433057284,A
919,0.7664681481085985,0.5125833966521051,C
920,0.300019039111427,0.4795989483477746,C
921,0.2883974392032298,0.5395670298669947,A
922,0.1295199497313747,0.04584612359561824,C
923,0.43172006412241837,0.8026323804084328,A
924,0.5058973264142381,0.4289728392117328,A
925,0.2232640293735818,0.2575120083364729,B
926,0.7209135578972405,0.0576803442411431,B
927,0.8767809200155795,0.4736971838337177,A
928,0.5560097234081258,0.9017955736321865,B
929,0.3681581303333341,0.6049747262879287,A
930,0.5522526441360238,0.07103256398152524,C
931,0.05689614445561575,0.3188752668695589,C
932,0.9647944447908857,0.005739914093970677,C
933,0.36870932386285693,0.7923752862461036,A
934,0.37685212923030365,0.8857172204326585,B
935,0.17296885652090643,0.29701717478825806,B
936,0.2879579789524481,0.7951857831562589,B
937,0.00291173837539338,0.20676301994544832,B
938,0.15517116262684394,0.64544490140563,C
939,0.40199551127060773,0.1481819026735789,B
940,0.11569214975816589,0.6114544262535179,B
941,0.0007140725854074548,0.660686619108774,C
942,0.1573342377744451,0.06788817553676751,B
943,0.7915829465884686,0.8308007786592165,A
944,0.8795009101611415,0.8707081071687935,C
945,0.8327131015082418,0.4020679738560571,A
946,0.15450017418298145,0.22660955458648513,A
947,0.758734694004343,0.7488478390625571,A
948,0.8302592087391822,0.4996916929976305,B
949,0.020903595534445096,0.21124797578497567,A
950,0.789409553598508,0.40262926556765055,C
951,0.4561805847964653,0.9790283143617048,B
952,0.1328595158008119,0.11360420398625481,B
953,0.6408419164422142,0.07471854484879059,A
954,0.19917082459463076,0.6582618464142672,C
955,0.06582342913119898,0.2686664803932661,A
956,0.6492114278906156,0.1368915449599588,A
957,0.0064205649876361015,0.2162441775764239,B
958,0.8880898854730189,0.007137308489688521,A
959,0.40345911300551296,0.0035729444453573844,A
960,0.9188080259215223,0.7956332238666236,A
961,0.7001361273373662,0.62950791535525,C
962,0.19691570039166217,0.13890190539463165,B
963,0.3519047216693484,0.7342537955988186,B
964,0.8056495499131343,0.08909608931660129,A
965,0.7270032325937358,0.7099275377731252,B
966,0.6669176552946484,0.7462249050621937,B
967,0.42116261742069594,0.13101684295574711,A
968,0.02955951082753283,0.6904472500500589,C
969,0.5792749776013851,0.866727126540287,C
970,0.7202088552247223,0.6963191734017862,A
971,0.14240848618034674,0.976433824515327,A
972,0.9032310483794161,0.4841588812842371,A
973,0.2316038380236729,0.3744409758622843,C
974,0.22148130720609482,0.9908127153969061,C
975,0.6028324637727196,0.19022384556619998,A
976,0.05260152566672316,0.4245855026703558,C
977,0.6903563745645515,0.9325438887563643,B
978,0.3939012821532939,0.8832095014482519,B
979,0.001285513846763564,0.10977354192100597,B
980,0.48451285329382854,0.07830101243365506,A
981,0.2644742489014589,0.8618165677622475,A
982,0.24931244789768148,0.5962314949509402,B
983,0.6028450817655785,0.49571653659786064,B
984,0.877351059383189,0.8495700069352322,A
985,0.32277767533272084,0.053131772170177505,B
986,0.3054756274640863,0.4318400490084815,C
987,0.5054928973905215,0.10336385234514944,A
988,0.31520605051091444,0.5780447618602554,A
989,0.3698485186526096,0.0552863703615899,B
990,0.4561545024057947,0.16054120469547284,B
991,0.47462610812116934,0.7320170531008616,C
992,0.741460809834166,0.6430645790984721,A
993,0.025660691127357804,0.01963563322493911,A
994,0.6534296825582068,0.08132124398533325,C
995,0.7059836670639646,0.8189660569755941,A
996,0.6727963486874214,0.08277949802625928,B
997,0.7701971303654089,0.8262462984135405,C
998,0.12709170210895826,0.8386680418250048,B
999,0.8163263764757762,0.525274667927088,B
1000,0.5376599957434045,0.8945954837874305,A
1001,0.1808884443742701,0.9684318280295733,A
1002,0.8707011417626833,0.352195999151503,B
1003,0.42732250035422614,0.983902850138739,C
1004,0.8581108596997017,0.17817322585934914,B
1005,0.25076032762861433,0.026311197867702196,A
1006,0.3001009984592675,0.7074824472120884,A
1007,0.09850633084288696,0.9424551430257793,A
1008,0.9066307384077127,0.6248741377131125,C
1009,0.5942757994832863,0.7355756012670139,A
1010,0.28901786363765747,0.7636220605056453,A
1011,0.4665530131854986,0.9458700260496291,A
1012,0.6779273714429923,0.15787670512822616,C
1013,0.8514629635637047,0.5428057686283655,A
1014,0.6897047546794797,0.5317618607896127,A
1015,0.24995477823859769,0.8268643881618936,B
1016,0.2624881486691577,0.10035133964005327,A
1017,0.5021106353187398,0.30001237871554864,C
1018,0.900617390099716,0.5684807593317884,B
1019,0.5713702779656193,0.7699451078467529,A
1020,0.33549870532834936,0.9462592359731531,A
1021,0.9347917254783532,0.8329507482351897,C
1022,0.32714370576933993,0.8495690739449426,A
1023,0.8046645602550703,0.3267457924167383,C
1024,0.3759078927606978,0.22416058914748604,B
1025,0.1386916603399556,0.7025668846054132,A
1026,0.1489721144715963,0.1733117720991878,B
1027,0.7199841783596643,0.42472885554698825,B
1028,0.5202260626087141,0.8954090391750381,C
1029,0.20011317719008737,0.6099702055706733,B
1030,0.21264869615886028,0.828553057527482,C
1031,0.48723047597781577,0.06925496922158969,C
1032,0.724335490638107,0.49409485077211857,B
1033,0.6095877023750154,0.7053833822120257,C
1034,0.18849198306808645,0.1479680651358588,B
1035,0.839432759186176,0.33742098159525924,A
1036,0.1348473679410812,0.9299884476455696,B
1037,0.8119976418161992,0.7209970455607366,B
1038,0.9824169844955807,0.254851847741971,C
1039,0.425623130168564,0.45234718229481186,C
1040,0.40609513412450005,0.32807210734885706,B
1041,0.059521065152811525,0.017419462952929954,C
1042,0.649684160224931,0.3067439710076192,B
1043,0.4789214311139296,0.7441582424212779,B
1044,0.11190788731820589,0.47712654790689213,A
1045,0.3695641503647996,0.10948389401932668,C
1046,0.008476095393250005,0.8963067824666401,C
1047,0.15902573903354755,0.7625796383566215,A
1048,0.21907669490876558,0.5015719900258642,C
1049,0.42865730271739766,0.8026557432903566,B
1050,0.6798410605981965,0.8230847958561864,A
1051,0.4445766351270777,0.1308626111593344,C
1052,0.5059255205529207,0.9141373510848569,B
1053,0.8281622817687834,0.20197325672015987,A
1054,0.76098885156882,0.15660522661638687,B
1055,0.7077177243132797,0.6860433982951238,A
1056,0.643261156898832,0.9825260169486798,B
1057,0.5647279493483957,0.7671700616235865,B
1058,0.06982478518150981,0.7935519325406669,A
1059,0.8448368804937534,0.19429454974572868,B
1060,0.7250857135621203,0.5173706353222883,C
1061,0.8745186115022084,0.6032947207328352,C
1062,0.9593103210878088,0.0916183612997451,B
1063,0.4574210182567001,0.3081075296882291,C
1064,0.9937358875224293,0.21880773320548141,B
1065,0.8563150771899836,0.8979988985970424,B
1066,0.8158450024386252,0.8763924633300156,C
1067,0.7375242835712973,0.5170996235943467,A
1068,0.868584855094253,0.5882981649091468,C
1069,0.568346056340785,0.5370799133253197,B
1070,0.43660358144072897,0.22988730270315005,C
1071,0.9441111863919619,0.21267670321890175,A
1072,0.4689464635427397,0.5174985535520683,C
1073,0.5437667497411136,0.15760973756876506,C
1074,0.33831704245931504,0.30779627895892014,A
1075,0.09513817116473766,0.5417538293429476,A
1076,0.18014161358154746,0.2303902964097606,B
1077,0.8798743554402148,0.058745725237377866,C
1078,0.006791848428164937,0.24756980541694829,A
1079,0.5540205202109758,0.37407910474885775,B
1080,0.907897247793093,0.011231979371068679,C
1081,0.931735104838987,0.3968209502123111,B
1082,0.1677769937717546,0.13412391083929076,B
1083,0.2974705884925847,0.832472477731431,C
1084,0.04676933946732964,0.4816360298783069,B
1085,0.7547372261047807,0.4176564473485461,A
1086,0.35909040224173516,0.7531982793448799,B
1087,0.44697038105769993,0.9311348906512998,A
1088,0.8854976596006146,0.6062025958427677,B
1089,0.9737369243792982,0.39724805250884676,C
1090,0.7939430214678805,0.6767592517712763,C
1091,0.43977500150486604,0.09262748487940109,C
1092,0.7853420599887231,0.5681414455621409,B
1093,0.9129274345434448,0.5088919839001658,C
1094,0.47464883300754324,0.2881678993383556,B
1095,0.183130267355598,0.3700700597488562,A
1096,0.14410104526067702,0.3796482860951571,C
1097,0.8798098879044604,0.8743212500618012,A
1098,0.21371266921319154,0.4087956124099612,C
1099,0.18794715483645696,0.005491551890288493,B
1100,0.7479820812951863,0.8613962002416696,C
1101,0.8292512530480657,0.47428430922983766,C
1102,0.14434964261027217,0.4408249740313319,B
1103,0.7370466395200208,0.12123669186813724,C
1104,0.9876523273955337,0.8015047858389585,B
1105,0.756241573232907,0.48435830892921283,C
1106,0.2638811640263905,0.395165595307325,A
1107,0.4533858935619469,0.4345938497809909,C
1108,0.7005934235448961,0.6354466681253179,B
1109,0.9647859406103355,0.8508467342721859,A
1110,0.2862756937999342,0.2564390468236394,B
1111,0.3200217355566791,0.8298724251669932,B
1112,0.2164263801443671,0.43965909844772777,A
1113,0.5832326584307607,0.7435756222993282,B
1114,0.18675520143270186,0.4711578689048548,A
1115,0.22848946646993318,0.9374685167745519,A
1116,0.8689466795975271,0.010945738487690093,C
1117,0.36925904698047307,0.13460500731783298,B
1118,0.11842923056419441,0.11161488071461334,A
1119,0.5638973519607312,0.7259553585410438,C
1120,0.7982913852654654,0.8070218135726412,A
1121,0.32898902558068266,0.26424969871969894,B
1122,0.8802726689097371,0.8559005566471323,C
1123,0.4665450880595179,0.34350554064265326,C
1124,0.3203195947582117,0.9710181628742175,A
1125,0.8936156707587661,0.40797582885830097,A
1126,0.8149993681075244,0.5346050524692231,A
1127,0.18789166014110126,0.9226111997985958,B
1128,0.6182687800476631,0.409088961916259,C
1129,0.25283028798801777,0.287803212754687,C
1130,0.8861270052898182,0.5228885924705364,A
1131,0.019848187613984658,0.6512332812073471,A
1132,0.41911873394526156,0.5217200869043117,C
1133,0.917759559912144,0.9324978342921911,A
1134,0.981661976108171,0.975233996701795,A
1135,0.9047668368524481,0.7919799412721245,C
1136,0.5655167747723792,0.9331646558090797,C
1137,0.8008461715213926,0.8235044400006806,C
1138,0.33280261775817943,0.7494229087299477,B
1139,0.011670933830988495,0.2846684940552897,B
1140,0.09073929584575635,0.6326848722259646,A
1141,0.11137681812998013,0.3900079785914706,B
1142,0.7081141360151683,0.5516353708046717,A
1143,0.42547864703814753,0.6213718166297474,C
1144,0.7397239013999889,0.5474792952523411,C
1145,0.20404893859578688,0.07826468398280106,B
1146,0.28051953940239793,0.941581314891602,A
1147,0.23889285215230038,0.7807316371495631,A
1148,0.21136594201009085,0.8964822777866542,A
1149,0.6900202027112802,0.9585811898690447,C
1150,0.38915413439657764,0.3489466996662256,C
1151,0.9332880047308116,0.3437331077240945,A
1152,0.10847485790422384,0.14095706659445228,A
1153,0.6007403195943315,0.36216391479964793,A
1154,0.3874259574859452,0.06057797495995121,A
1155,0.4502427112500741,0.6589111891047523,B
1156,0.6499074744188446,0.04167116052887321,B
1157,0.9584440676558187,0.0035178976271253992,B
1158,0.7482907966665147,0.3719133274779792,A
1159,0.30763370829266246,0.7499361273057701,A
1160,0.3631494292710694,0.9642693882899802,C
1161,0.07670521710224443,0.7271048250042185,C
1162,0.20234219892053795,0.38149888416507316,A
1163,0.4517614897819511,0.7057567393576462,B
1164,0.8441057012448688,0.6839567162849106,A
1165,0.34025991960274005,0.8318642755372411,B
1166,0.8118903741335327,0.8335495806163942,B
1167,0.05069030594008461,0.36161854397068915,C
1168,0.6353616437162977,0.9371937151053784,B
1169,0.1626571463974229,0.28034238838456804,B
1170,0.17500390326278048,0.4123831439128627,B
1171,0.20117639404554089,0.5163253329451811,C
1172,0.49030991291282455,0.24228129822956845,C
1173,0.5797795385456813,0.7612262825588342,B
1174,0.3452599630484928,0.6648292155452944,C
1175,0.5577630564804484,0.12817354758105393,A
1176,0.490650871794276,0.2680833856322875,C
1177,0.7316913641045383,0.1136644387548752,A
1178,0.7167481961128039,0.04247805807603944,B
1179,0.338264423353973,0.19146129600514217,B
1180,0.5966314690194219,0.5594619622169452,C
1181,0.7543916025587531,0.7178808400198763,C
1182,0.5113945523722094,0.14783379107433592,B
1183,0.16502841035483706,0.6427901233310943,A
1184,0.5232128162533931,0.5429436697858494,B
1185,0.9791926825396808,0.8951989149469723,B
1186,0.5123116740917437,0.5660187433952005,A
1187,0.46502068045953104,0.6287309565792083,B
1188,0.5068491792088934,0.6064069011681461,C
1189,0.2415319895213084,0.8713484992918268,A
1190,0.703030138041934,0.7399215643498194,B
1191,0.10607911155184546,0.7370450595111532,B
1192,0.838425618226839,0.1721909610875786,B
1193,0.2513303575503747,0.7818675617398918,A
1194,0.3540458946713362,0.5691712011006784,B
1195,0.4095396730044286,0.2577369643545976,A
1196,0.40449897274760516,0.7287904751386093,C
1197,0.22466123827156925,0.45235195425558083,B
1198,0.7207859803779687,0.7271399162983399,C
1199,0.23085887267902028,0.010933835173708828,C
1200,0.8988249359415568,0.3882494714556862,A
1201,0.633590048339294,0.6940659501871002,A
1202,0.7069162426083917,0.6171605725033669,B
1203,0.6349598415597673,0.44857952027510384,C
1204,0.03926642168028216,0.23872916817910683,C
1205,0.3557357432717333,0.05597287176155841,B
1206,0.8418022804620027,0.2793014369856315,B
1207,0.46121120065609544,0.20966703148311816,B
1208,0.5817804811476408,0.6922672951939773,A
1209,0.7317820131542726,0.6994188866669411,A
1210,0.16373017270648382,0.9500139815264993,C
1211,0.016751774976653366,0.7373858821174646,C
1212,0.19790482321477953,0.5880959896479754,C
1213,0.38130556794989945,0.5868724821151994,B
1214,0.12091498610718499,0.7480811282224842,B
1215,0.5041350724974006,0.30942804956598946,A
1216,0.26909090206591013,0.949365030645541,A
1217,0.9485615384798275,0.14437347127808542,A
1218,0.4649817933691204,0.9992635251713055,A
1219,0.3912093478678844,0.35951961610495153,B
1220,0.7203563855357132,0.6774637462503235,B
1221,0.18161796229548066,0.5589605570584139,C
1222,0.2552791884793134,0.49489676812081684,C
1223,0.3238860624202986,0.2445461034169033,B
1224,0.8212504948004836,0.18605412579828018,B
1225,0.2984031397388329,0.4940594531998034,B
1226,0.988940186039654,0.7535909126338746,A
1227,0.03256219284173867,0.16162973844462225,C
1228,0.5895597271156292,0.6661853272272071,B
1229,0.40697467167460255,0.059869316657161886,A
1230,0.24663454151262088,0.02275714494191461,C
1231,0.4630201312743527,0.3350587178775777,A
1232,0.8719497959870408,0.6219656539544466,A
1233,0.048593276166900456,0.7598484615592106,B
1234,0.19725180252559305,0.7156106446987196,C
1235,0.9292792927000514,0.16168454566003965,C
1236,0.005761646256968622,0.9740132657722179,C
1237,0.6940899816831432,0.40824350604468407,A
1238,0.6462374711469916,0.3139752130573976,C
1239,0.3188748198173982,0.9187198823880419,A
1240,0.11472135336544032,0.38885429963485574,B
1241,0.789354398557304,0.012306937349030322,A
1242,0.3945104505703104,0.3626670290136854,A
1243,0.20024430936941495,0.05029226715904567,C
1244,0.6038603113057658,0.2692703074636592,C
1245,0.5831834889250477,0.5764911931090443,C
1246,0.2967107744996609,0.06818295889759018,C
1247,0.19476729778201785,0.05840820756238252,C
1248,0.5622562454548479,0.46369266891772254,C
1249,0.6821357612769363,0.9885569947943487,A
1250,0.40527821990474244,0.062415661752280305,B
1251,0.32672523557971944,0.6853689043534368,C
1252,0.6899366204686769,0.8907013402227506,B
1253,0.8622483827137742,0.444403420111821,C
1254,0.3006024542164093,0.820972695693675,B
1255,0.8641632016229445,0.8069614598907302,C
1256,0.409965309172589,0.43124368078579334,A
1257,0.38892030601293026,0.5875680974599771,C
1258,0.803551641589131,0.8807678696914666,C
1259,0.7657106122057332,0.35807366954309006,A
1260,0.6804739955818239,0.7649553760509855,A
1261,0.6985573924299028,0.31566301826896515,C
1262,0.8604631790533759,0.2984325558813793,C
1263,0.08227601827834563,0.9171293062766742,B
1264,0.5436474974402252,0.6072861325078458,A
1265,0.8161203588563216,0.15046890982734573,A
1266,0.8692053885299145,0.8368348726288265,B
1267,0.13531786418608427,0.3609926556072358,B
1268,0.6795921776174754,0.21307805629834065,A
1269,0.4432528876754114,0.8423103614015776,C
1270,0.43397048696119456,0.36858061051616575,A
1271,0.04772591005957327,0.7497024099923092,C
1272,0.1967167510941097,0.31744544229737504,B
1273,0.8237046144400543,0.18555076176350505,A
1274,0.7834367363000885,0.8615825080062953,A
1275,0.016298322110688046,0.09222358641840644,A
1276,0.6863529487130747,0.1692551119740956,A
1277,0.6433601313620287,0.9959928117044551,C
1278,0.10755499644551836,0.10305189054152808,C
1279,0.7915211007637218,0.5912192727679542,A
1280,0.26715891828742555,0.43789635731961674,C
1281,0.5827332337669621,0.37149139115453267,B
1282,0.09625934372293199,0.7553280035736187,B
1283,0.5130857477308297,0.1860576760735988,C
1284,0.250911302521436,0.497383236454232,B
1285,0.5672037337428988,0.23540494856891314,B
1286,0.9008011197852318,0.1089358215643933,C
1287,0.43918245338299744,0.8289881244984939,B
1288,0.31740945882641824,0.030707193048459147,A
1289,0.8552666766102388,0.38965445957703926,A
1290,0.884209230956489,0.06659910265482216,B
1291,0.3527995494101792,0.9183067343924947,B
1292,0.115744204402351,0.6747178744770683,A
1293,0.758515346211409,0.37639258487316507,C
1294,0.29622409852402687,0.4730484770560309,C
1295,0.04795774083892612,0.1335652541925635,C
1296,0.5213772377556605,0.20703531118670626,B
1297,0.8855883370053869,0.7958266663813669,C
1298,0.9502069391834301,0.6438448253716624,A
1299,0.12910480595801677,0.9346706842176878,A
1300,0.41010542006253714,0.6925007716660049,B
1301,0.0903298862534545,0.6202232185603651,A
1302,0.3377073620574299,0.5398335129873671,A
1303,0.5433363934870983,0.9107563237791251,A
1304,0.6599232051966528,0.5186002707153291,B
1305,0.43001209049067246,0.5744275043878609,B
1306,0.6323834558088469,0.2806236035624675,A
1307,0.7630034912680054,0.6928777394587573,A
1308,0.19444024693867334,0.4288648761520941,A
1309,0.7230487628256231,0.7924373359984266,B
1310,0.007487698639508045,0.3593232730328414,C
1311,0.7845790758352489,0.782382041814546,A
1312,0.6888702033780469,0.4790955135970193,B
1313,0.5288398960769105,0.08663602035046869,C
1314,0.6825704729612154,0.17649390652561547,A
1315,0.9029814701284972,0.7760301206287903,B
1316,0.8358463147283626,0.3181937204520383,A
1317,0.9480121829607375,0.38028072934784063,B
1318,0.7989097530097272,0.38922540936323824,B
1319,0.608205493402869,0.7205644711710624,B
1320,0.7510830910061381,0.11437998940102045,A
1321,0.6277896411789158,0.7871396666163089,B
1322,0.6545976157555363,0.6302494509069185,B
1323,0.17400952296800198,0.3100471963363247,C
1324,0.44572957312285644,0.21691502576691324,B
1325,0.8779794309906965,0.6919907131828047,C
1326,0.9040545466158983,0.4572723283381436,B
1327,0.737114654440843,0.9238734185985712,C
1328,0.6927202973585065,0.034619238757164994,A
1329,0.33693650483473037,0.9700858822608004,A
1330,0.8052270805989863,0.6582415603090527,A
1331,0.5592038506571493,0.315376402318273,C
1332,0.6780092202731843,0.49899885189745086,C
1333,0.5419613209556186,0.26683037710422974,C
1334,0.389031682071315,0.42646860264243114,B
1335,0.12281976207974976,0.2472529807502235,B
1336,0.7667126764272181,0.9982280727592913,B
1337,0.20502249054708666,0.37973327665056034,C
1338,0.3821513491696328,0.08207856622480558,A
1339,0.8018675407741891,0.39725947220460145,B
1340,0.7324808514792759,0.6008435361470635,B
1341,0.3687594495260921,0.9867354343947391,A
1342,0.34955636140530566,0.618686491194988,A
1343,0.2505032611637248,0.5799888253474486,A
1344,0.2777603221934264,0.7648225479734424,A
1345,0.4676805940179737,0.3782455827118567,C
1346,0.7285725000430946,0.4610780136481968,C
1347,0.7455381345718922,0.25835038475514016,A
1348,0.6839549647212766,0.2669311634576712,A
1349,0.1377555432980252,0.26902443181109414,A
1350,0.9890467478609238,0.43086735102462803,C
1351,0.047096702690836656,0.17185823344900197,C
1352,0.8524539172730884,0.5583234254349168,C
1353,0.9828310571601105,0.1887536394267798,C
1354,0.5505585284942699,0.6427186362622199,C
1355,0.5795228448595378,0.21102954596566237,C
1356,0.43012874358783126,0.004569388532333463,C
1357,0.4724832157199125,0.11562884669884477,C
1358,0.31318107798520256,0.3423926135489356,C
1359,0.5968631984981999,0.30636091515711295,B
1360,0.19108110454158256,0.006183977685287334,A
1361,0.9517273076725639,0.38913024109876293,C
1362,0.23805256657788865,0.43187939665358777,B
1363,0.6288258488622189,0.008908864092127433,C
1364,0.05456290480601844,0.7926320263024073,C
1365,0.899240602618273,0.8187723966153457,A
1366,0.6744040686274099,0.7761099236548363,C
1367,0.8926623869937198,0.14320042939452582,A
1368,0.6839894001270613,0.29943353108759496,C
1369,0.915683550349954,0.10631423936945394,A
1370,0.8758567014975723,0.020416568229858156,C
1371,0.6118584400907627,0.683346153394337,C
1372,0.4715266145055387,0.6723033628930172,B
1373,0.93117754669646,0.43490247117975267,A
1374,0.9777539613126761,0.8938513048904309,A
1375,0.5869176306134496,0.21205885201834063,B
1376,0.2877189529450569,0.8357979313420376,C
1377,0.42096263010132484,0.03162489507416544,C
1378,0.7707254881712714,0.743460882965926,C
1379,0.7499270862341366,0.2550769765437848,C
1380,0.6100476671531718,0.5183349663538641,C
1381,0.43870850681013385,0.7581553372761368,C
1382,0.1918220261623128,0.8012405832033925,A
1383,0.5161854266401691,0.8948210203544983,B
1384,0.25679702537352644,0.5900207577932599,C
1385,0.8393025476619027,0.9653683662704301,C
1386,0.24876730983399575,0.21216541110832232,C
1387,0.09594251130861609,0.4692166255051211,B
1388,0.6636659719585554,0.5789530073287783,C
1389,0.24709541789338285,0.6300814400012194,A
1390,0.03582853242985029,0.2920694012836178,A
1391,0.056554817209603536,0.5118467449932232,C
1392,0.26867053789069273,0.5373123405872093,C
1393,0.27655628013795164,0.5494043270011172,C
1394,0.26312390789642826,0.8960741115758913,B
1395,0.9328644259342503,0.4357346511806799,B
1396,0.5138387450665588,0.08811828624339502,B
1397,0.6652698393080863,0.21036276962303435,C
1398,0.7664093470938075,0.9310752537970572,B
1399,0.8409777462202805,0.5327912123166884,B
1400,0.1760713057117399,0.8724064696990572,C
1401,0.8591758459806301,0.0017174193611703137,A
1402,0.7328776560808937,0.6923254419078418,B
1403,0.9659858576498179,0.6130796706606889,B
1404,0.5653840326199571,0.3156987616485548,C
1405,0.07663770899554345,0.5375985940847116,B
1406,0.4213064665775089,0.7110881504641872,B
1407,0.4425551856842319,0.9266660203352706,A
1408,0.7500398095719939,0.06499623217851125,A
1409,0.3502233509953886,0.4031426190776961,C
1410,0.8070533971527512,0.6511987459675019,A
1411,0.9700391201561678,0.22904669291317625,C
1412,0.8020837608878455,0.049222031305590774,C
1413,0.34430706941399025,0.09537633683660507,A
1414,0.973348839535548,0.7719143105834114,A
1415,0.8234022822505006,0.8031534661647068,B
1416,0.1220296374458193,0.5592785274468164,C
1417,0.10769850617916732,0.8793598471980152,B
1418,0.3624475387507732,0.16013845299599194,C
1419,0.4997188198147262,0.38462410480421805,B
1420,0.08497652695344338,0.8019684448393488,C
1421,0.6312441433024175,0.7577547910686393,A
1422,0.13717721827928953,0.7057341766613997,A
1423,0.05293833084625221,0.3870899327096605,B
1424,0.10035444009124272,0.196253372146452,A
1425,0.1030606008965751,0.8704753852744818,B
1426,0.7599929317210242,0.22015497362666625,A
1427,0.863559773022874,0.07646926396788456,C
1428,0.2560515809403068,0.15497948147710472,B
1429,0.9679763019759098,0.7899004726930224,A
1430,0.8370692034809208,0.6969184287468447,A
1431,0.9500688362103445,0.47608088364155976,B
1432,0.06659757298544311,0.337188824208257,A
1433,0.7444547076218202,0.29521830275357364,A
1434,0.8207506433392762,0.9485420415371318,A
1435,0.02065326719960492,0.5433008649379472,A
1436,0.6947010524315721,0.4357858693352993,C
1437,0.42426563472470613,0.8602976442866097,B
1438,0.3705584560817977,0.6372553578833536,B
1439,0.10998823152944603,0.498898033269753,C
1440,0.4312580409877883,0.30958485192123164,C
1441,0.38985761086992543,0.7234337542550342,C
1442,0.8068509659275255,0.027164859403004504,A
1443,0.8038457458543904,0.6506709607116783,C
1444,0.47579520701253464,0.311368487067473,C
1445,0.9260152504463753,0.15564027463013286,B
1446,0.6202524326089236,0.372720927884027,C
1447,0.3231378857963272,0.1342672273074904,B
1448,0.8383622380534914,0.9958456462457936,A
1449,0.35711961856302943,0.4543248735307702,A
1450,0.4351626421765342,0.8326797220487174,B
1451,0.31580013575688226,0.46694290085676493,A
1452,0.42484982270786487,0.7148431548946459,A
1453,0.3428676057506448,0.8790373161691494,A
1454,0.6457842778999052,0.9031014913384029,A
1455,0.3520948385707834,0.7796415294149689,C
1456,0.6650886078736676,0.8198586182865693,A
1457,0.07218036914501513,0.21196405214428227,C
1458,0.4995900027374278,0.3831091303293992,C
1459,0.28117059782366627,0.8514648470589585,B
1460,0.4510747538932619,0.6405929605716331,A
1461,0.35682822103913736,0.4032113213555608,A
1462,0.918971483133943,0.8784775663741441,B
1463,0.6377466283413119,0.7945196864058677,B
1464,0.6627293613753974,0.3858617939361162,A
1465,0.09243226226595835,0.283272448590956,A
1466,0.9845383098379326,0.7362315367865367,C
1467,0.24382432844073942,0.5156236184857028,A
1468,0.544441470878165,0.4206108615902916,A
1469,0.9108893642410996,0.9402466706959772,A
1470,0.44678348567458825,0.8096699100115815,B
1471,0.05769862168421602,0.7305550208127324,B
1472,0.438795097701579,0.9165534907898946,C
1473,0.45093766009482406,0.36926065014185916,B
1474,0.2735886732164958,0.5770032301478463,A
1475,0.3339449335129785,0.3812957791583732,C
1476,0.837191407592319,0.3540126940017593,B
1477,0.9053239545452881,0.10870946397787506,B
1478,0.6365093956419614,0.6636567178435278,C
1479,0.49452014589731386,0.7329818484168122,B
1480,0.7513964296800447,0.01617002334945994,B
1481,0.85204754583184,0.6365223251124398,B
1482,0.15749375719218162,0.43280882089239114,C
1483,0.290205933199134,0.30881881948643874,B
1484,0.6321914652191304,0.7004777339509815,A
1485,0.6526085660163571,0.7095984855746182,A
1486,0.5650176859276888,0.6245616273616281,A
1487,0.3699759837460703,0.2644573992428517,A
1488,0.9946610665067396,0.9726421686636538,A
1489,0.05358149818124147,0.9596755805827825,A
1490,0.8796986582576513,0.18305368670009958,B
1491,0.7450494862259401,0.47018067045729184,C
1492,0.3958361758619954,0.3346311299826351,B
1493,0.9883522942021241,0.9861214542563239,C
1494,0.868914207186436,0.1659634620538113,C
1495,0.7718360062040246,0.016400909439833966,B
1496,0.9657674762283934,0.5049229445439649,A
1497,0.2532619875355222,0.37725087685234504,C
1498,0.33613016367087234,0.8743627507708938,B
1499,0.16367691552949126,0.41198062353950526,B
1500,0.9958649895482646,0.22701460562483144,B
1501,0.278700391466044,0.11128393676120885,C
1502,0.5414564280429635,0.7996308968323511,B
1503,0.23159059083792977,0.6432144002124153,A
1504,0.06490365411360466,0.15288570775711918,B
1505,0.5279285990619722,0.6428215350198626,B
1506,0.03472906232864181,0.18430138644880734,B
1507,0.14422396690090777,0.26746152535841683,A
1508,0.9334021781067642,0.61481109282226,B
1509,0.8062909167886874,0.6226054938257087,A
1510,0.625552769999743,0.08001410119907837,B
1511,0.31742721298639176,0.22436633061792288,B
1512,0.9025619114651592,0.6325543899563529,C
1513,0.3797349155416131,0.8135097032251921,C
1514,0.3459982568019013,0.1441149845345342,A
1515,0.4471394391862229,0.7068431857410445,C
1516,0.8639063187700768,0.1954444260723468,C
1517,0.3344603232682999,0.5041746605890055,B
1518,0.17592626459017058,0.018211505059110067,C
1519,0.8144302999999036,0.6627712066662889,C
1520,0.79790396641699,0.8505385475348174,B
1521,0.039304575371106765,0.5352159591344366,B
1522,0.35560255304876887,0.23170258731312654,A
1523,0.7356888085456181,0.04721591881394793,A
1524,0.05050551360141564,0.6379239992470637,B
1525,0.4125928537828306,0.6376775129922078,C
1526,0.16134398712910936,0.8695470044585897,B
1527,0.8371081250516617,0.36606445398593723,B
1528,0.24803889708785387,0.7697425281282905,A
1529,0.6184534904081394,0.30053857786907534,A
1530,0.3728400072269751,0.7394482976546166,C
1531,0.27094292340357407,0.8846722705333084,A
1532,0.27888872428478384,0.7010760033096892,B
1533,0.8199084378537443,0.5395081790543169,B
1534,0.3640841595952087,0.3156643115814973,B
1535,0.31907289037240494,0.7439756215055869,B
1536,0.20446387238307395,0.5740925201303461,A
1537,0.14631224373140916,0.20207989345777155,B
1538,0.7632473821384927,0.43370083320863795,B
1539,0.6491001016320576,0.9024266986669116,B
1540,0.6092121194799037,0.3965202572710561,C
1541,0.5719257898191099,0.09062666031900335,C
1542,0.9902082959838718,0.9749927145837112,A
1543,0.8153698982040988,0.14605074771189785,A
1544,0.7733527122193086,0.9751308567468094,B
1545,0.22884349493709966,0.20477251038786393,C
1546,0.7334641375112033,0.27688370760229797,A
1547,0.46908353266332514,0.5816607372603326,C
1548,0.08755216902001206,0.4466254609697069,C
1549,0.964001571467979,0.6055390414898436,B
1550,0.3503581292342214,0.7496092249535353,A
1551,0.7403995867158842,0.010230386717564599,C
1552,0.5273617398785078,0.7824973266248554,A
1553,0.4796775636481898,0.04574647377148611,B
1554,0.07640099146536261,0.6956573824777859,B
1555,0.0733647793213631,0.3789987729007477,A
1556,0.010967805053026414,0.9091492913742528,C
1557,0.10917859509106265,0.7729878629471697,A
1558,0.17082913304262526,0.6096109695984225,B
1559,0.2183314613076438,0.9572607881685399,A
1560,0.2274998443686802,0.6513486260679566,B
1561,0.4984519695078258,0.18904082415617873,B
1562,0.10902903584572732,0.8985673939317679,A
1563,0.7563638892281098,0.9176568637289731,B
1564,0.7552842615190825,0.49360782256342484,C
1565,0.347094259455348,0.4396303228385726,C
1566,0.13600624841221665,0.44458142550191815,C
1567,0.37239964721124597,0.47264381400621736,C
1568,0.7175651315828189,0.505665424631458,C
1569,0.6908327378531348,0.03637725620458965,C
1570,0.012870751794685886,0.3273823828660064,A
1571,0.7354167305222523,0.8904740050853521,A
1572,0.6370075712701952,0.10684023533078313,A
1573,0.39094894842830274,0.10791121120881064,C
1574,0.4200813961553739,0.28586113113416456,C
1575,0.34625629742196573,0.5653494184914842,C
1576,0.9398320022695905,0.42936999001859355,A
1577,0.6836864512866802,0.5561158511869222,C
1578,0.6464506239583604,0.9329508871898867,B
1579,0.6361088590897477,0.22977707467738662,B
1580,0.19356583966436225,0.8059539363536833,B
1581,0.6241570532105953,0.30555196003400464,B
1582,0.8103104744941515,0.3050387835362647,B
1583,0.04790022786983983,0.856813979466508,A
1584,0.33534194359886815,0.4189926729646105,A
1585,0.913773163078416,0.9126920242484006,A
1586,0.22627565128366056,0.7548918431227968,B
1587,0.18762808645878615,0.7481978858086122,B
1588,0.5981537878772129,0.7534372509817998,B
1589,0.9384749189054274,0.7173907303071164,A
1590,0.08906224856630174,0.2802088348916755,B
1591,0.13916833187462563,0.8434892524732136,A
1592,0.4555404314827425,0.8802897373056531,C
1593,0.8685877292580273,0.82954595159454,B
1594,0.12316140100084416,0.9834634525031691,B
1595,0.04790652250050187,0.44300571074008,B
1596,0.3630649791209978,0.6024453121297314,C
1597,0.08215712266912956,0.6343385799465938,A
1598,0.010626627083481832,0.6619223666766766,C
1599,0.9406398426047496,0.42794921284647214,A
1600,0.683006155592042,0.6288777254417129,B
1601,0.06086865319553081,0.6420995590959703,B
1602,0.5758458982649161,0.2749045671770016,C
1603,0.8199428679079795,0.49086100279128986,A
1604,0.5533211808497063,0.44635393822126535,B
1605,0.8137622135676928,0.0825764284194691,B
1606,0.7474581783611429,0.4142973593554401,B
1607,0.03601006155429798,0.8688667419467911,C
1608,0.9807605906373474,0.34217121003620443,C
1609,0.750369045920285,0.6002580141221341,C
1610,0.8533944730452058,0.987402139540784,B
1611,0.5046824991236889,0.21290218078565448,B
1612,0.16321815524598549,0.5107483579912978,B
1613,0.5320117306358626,0.3587296758634738,B
1614,0.6416671138760159,0.46656047328110695,A
1615,0.17848894220080014,0.02169570283918243,C
1616,0.949630051001663,0.04374056884838973,B
1617,0.47303444916836357,0.7496143083229119,C
1618,0.25331768856944514,0.07718252103810408,B
1619,0.5051721006672458,0.7777027781748985,C
1620,0.06252454334033186,0.40411779158547645,C
1621,0.8379931381516391,0.4719776995507229,A
1622,0.03648691691817185,0.6665952002064112,A
1623,0.07481068346952935,0.23543103330256743,C
1624,0.035932168919879603,0.315961004910602,C
1625,0.5120455800084244,0.24785168363521526,C
1626,0.5483780546922583,0.6875734270345777,B
1627,0.9290921520644257,0.45740946772720703,C
1628,0.7395874862837083,0.1400419445193527,B
1629,0.5476571196608836,0.384973986703428,B
1630,0.14183945396617736,0.726748860278849,B
1631,0.8786119066017511,0.35211272883251277,B
1632,0.12366133237992305,0.23478078536715097,C
1633,0.4645266975270914,0.5624311918899948,C
1634,0.5896408778615809,0.7088217963006401,C
1635,0.024819499198451278,0.8762337448599384,A
1636,0.5638737348359252,0.9549892242495183,C
1637,0.4088960396165353,0.9093793775860302,A
1638,0.6037247525466317,0.28878902373929427,C
1639,0.28742926291975524,0.8237511491248856,B
1640,0.019394961650581077,0.9269771387080861,A
1641,0.009958836233556645,0.6079294103580504,C
1642,0.8908558148733552,0.3779999195775553,C
1643,0.7401843254891294,0.9974806451608192,A
1644,0.16229016165885024,0.6918447237040681,B
1645,0.441210879234224,0.5913347366307714,C
1646,0.9136912579880342,0.28686177882225516,B
1647,0.0494550229865679,0.2860722147088015,B
1648,0.08850270869715016,0.3681031490185128,A
1649,0.85153407673754,0.4215062618468468,A
1650,0.594227355727248,0.8892239725314502,A
1651,0.5763937779322824,0.37001864557963404,C
1652,0.7952983096408548,0.41638675483611354,A
1653,0.32127786997737084,0.529871615180242,B
1654,0.19619180082596233,0.44949516159197345,B
1655,0.3288705318616836,0.5649277389252361,B
1656,0.7250165806903422,0.4382718040301756,C
1657,0.631593939214629,0.6572782223264986,C
1658,0.4550410584546357,0.4337681954868414,A
1659,0.6883653556446897,0.7129022336161952,B
1660,0.07765095173099146,0.13654601906443198,B
1661,0.611722339951404,0.21083350584831317,C
1662,0.8171582547011353,0.3905891548422561,A
1663,0.012434652225975174,0.5416965906558634,B
1664,0.7784597344705603,0.6624412747994997,B
1665,0.6211500314150672,0.060416862834608565,C
1666,0.19779348212389536,0.22824949266518302,A
1667,0.7094634070232424,0.15436734026224352,C
1668,0.8228523923354142,0.6392665312504815,A
1669,0.7814637686272194,0.020547757972028347,C
1670,0.062302210073660325,0.342078893789599,B
1671,0.603767496002991,0.1413133444001753,A
1672,0.8194427495533954,0.5705913239049943,B
1673,0.2860893046021027,0.2926034634882688,A
1674,0.22407203424048106,0.8582327727918305,A
1675,0.017491173190556042,0.49975801640703765,B
1676,0.6857570411538817,0.37270030136758703,C
1677,0.08837312929266083,0.7556863962463897,C
1678,0.9669426980849728,0.25182995201654135,C
1679,0.24557617945929822,0.31035836125988625,C
1680,0.03700571492579352,0.9410714910386212,C
1681,0.49282290530359163,0.9055352103367028,A
1682,0.1975888806113193,0.6210483919695329,A
1683,0.8189535689329991,0.8474559243679896,B
1684,0.38704976973109106,0.358664942822398,C
1685,0.1076768879452642,0.6449367048678489,A
1686,0.08859965552109594,0.6122218249778845,A
1687,0.9994243590452941,0.06647457708195348,C
1688,0.5893955748544465,0.9044265459514882,A
1689,0.6345398423173029,0.04261417135779111,A
1690,0.6477401606575884,0.4698408584806204,C
1691,0.10547557409698505,0.20264361452630153,C
1692,0.8297395134493425,0.34581149468532124,A
1693,0.80805887743604,0.7631683553277532,A
1694,0.36902323693104844,0.7304085625985433,A
1695,0.1407820888843312,0.9343211184584754,B
1696,0.10345051766145963,0.49016937059853916,A
1697,0.5308636548452611,0.10227663123615205,B
1698,0.8162313779618101,0.5916502771998146,A
1699,0.35982288910176363,0.746042164018536,A
1700,0.15759473430622062,0.5543340373737508,B
1701,0.5615055303322943,0.973065353505194,C
1702,0.7334001139947265,0.7495360591453135,B
1703,0.5550082328843315,0.7695107444303418,B
1704,0.9997041483551155,0.5872546356489381,C
1705,0.34055530069323336,0.2967862989341101,C
1706,0.8509893681255355,0.10216723772230274,B
1707,0.35375091152335547,0.09432816622952067,B
1708,0.013822560539707096,0.8868272196483713,A
1709,0.14314690169628186,0.6883551456671796,C
1710,0.5604845665733204,0.2807789905570177,C
1711,0.19681633305805202,0.7650458563164697,C
1712,0.32716044852175685,0.9412345443257714,A
1713,0.5167671322823996,0.9267015335250739,A
1714,0.8081331035495773,0.8493517169301207,C
1715,0.7242598098522289,0.9929232353230181,B
1716,0.11136164085222688,0.03160188758321236,C
1717,0.40139339532315343,0.19052637420455754,C
1718,0.24514088858612515,0.6269693923865916,C
1719,0.8350907595457175,0.06341667022400244,B
1720,0.04471746069168103,0.008326132713306289,A
1721,0.8197064397799558,0.7955904929477251,B
1722,0.9561209808336542,0.329859579121657,A
1723,0.2028771270316685,0.41145880786960887,B
1724,0.09350920336913049,0.6519241464277213,B
1725,0.2532994190331299,0.3153669654738731,C
1726,0.44389230053044815,0.2144173618735402,B
1727,0.6267699602845113,0.6844157964621161,A
1728,0.6322688597374538,0.9708406926636128,A
1729,0.4740825774216776,0.6011302448667399,A
1730,0.10779589041389226,0.40785526630869007,A
1731,0.9144620392764675,0.09931404398788868,B
1732,0.9864245574427792,0.2589120215145382,C
1733,0.5983409888722432,0.2033698438156767,B
1734,0.7337425674234126,0.7980463479818782,A
1735,0.6335495534131728,0.09290585819652497,C
1736,0.6095838702198586,0.9974401095157078,B
1737,0.04163779426130787,0.2201682378334493,C
1738,0.9680383929702332,0.6975369591766422,A
1739,0.7229397144604871,0.48271391291384613,C
1740,0.3862263592584074,0.5842508893158848,A
1741,0.13242769560644696,0.364632482454025,B
1742,0.957449737390056,0.9852596064395331,A
1743,0.561249562571478,0.5419270566109373,A
1744,0.6467701184505047,0.8628220680258255,B
1745,0.09744596459656485,0.6810223912067764,C
1746,0.10688771117275997,0.23214049966213413,A
1747,0.48050431390219384,0.457941545184273,A
1748,0.2682829974791482,0.17016684139740845,A
1749,0.3314045860580085,0.8020060761303438,B
1750,0.31575799934082305,0.9398104286968326,C
1751,0.7777577510273909,0.07399843747172485,C
1752,0.1938543202325682,0.8402499843163103,C
1753,0.6544106838719471,0.38818811953976895,B
1754,0.14419750152309407,0.8143819139180246,A
1755,0.8852169015707273,0.8229616179840886,C
1756,0.32515499939701276,0.01606065542381252,A
1757,0.8339467251991605,0.07667904559979455,C
1758,0.43687761194035435,0.5120756187816577,A
1759,0.9925961760356269,0.7052307566095786,B
1760,0.8858688751149666,0.06350027108021972,B
1761,0.5168344663805606,0.9885108044114637,B
1762,0.9395954193043675,0.6112704513825334,A
1763,0.8392553712125235,0.5103002174298036,C
1764,0.03921878448224281,0.44534301597481585,C
1765,0.5228771895236806,0.4515218622234275,C
1766,0.8767840197755712,0.45559701041016887,B
1767,0.7615497242489444,0.5274248028984397,C
1768,0.6588339335748525,0.3958938917327227,A
1769,0.36082665850051754,0.1677201547996776,C
1770,0.00897823077567561,0.4846703011922847,C
1771,0.4242138909155967,0.5240599284196217,B
1772,0.3957732084302513,0.5238825008287363,A
1773,0.6289544363836023,0.07005283184414046,B
1774,0.7980277185548011,0.5035682911643632,A
1775,0.642204111353224,0.41002254877578126,A
1776,0.20140446723798688,0.8817519641263168,A
1777,0.24575117902285415,0.05331558589282481,C
1778,0.4382053957888318,0.9528554532797183,B
1779,0.9802044309417224,0.09712946639053577,B
1780,0.40197778078187374,0.05796302466591019,B
1781,0.7552199581823478,0.042656391923070025,B
1782,0.19453435212315573,0.7247582959854484,A
1783,0.7658675199748347,0.55721050341612,A
1784,0.6848398394299746,0.6283788281442682,B
1785,0.9564968508283613,0.7899939647042883,A
1786,0.8443646638440884,0.2851931304073848,B
1787,0.4628941727884458,0.9808869029412959,B
1788,0.1643501330130246,0.8613014807987176,A
1789,0.2954566168595688,0.3079508860709921,B
1790,0.4067249714863923,0.8773324649977225,A
1791,0.7170309316807559,0.7577795119192194,B
1792,0.28276591619911606,0.48904628452223253,C
1793,0.25199199142238937,0.6353120134328183,C
1794,0.4228953733326649,0.12427638962322507,A
1795,0.4483417905524485,0.9381452576083598,A
1796,0.6015852075636235,0.3485587893936545,C
1797,0.8684944399938781,0.39044360772904774,C
1798,0.48293342575146125,0.04730671561445465,C
1799,0.4028979737621804,0.2240317929136505,C
1800,0.532071749611177,0.15020901750297255,C
1801,0.5837312065423835,0.46077838310054764,A
1802,0.9667611250540044,0.5564428858879299,B
1803,0.7733992558957484,0.622301740948138,A
1804,0.37214454858119794,0.8982356508387228,B
1805,0.9294124911961431,0.6511728397339694,A
1806,0.04962452988687904,0.9438271299150608,B
1807,0.7328972379189177,0.30740505413664176,C
1808,0.9121035069417602,0.045411148649707744,B
1809,0.18444632946121098,0.8199478774071151,C
1810,0.7798718426721243,0.6574152237966121,A
1811,0.7368431053589035,0.1254658926228579,A
1812,0.5914169485700518,0.2877753773041609,C
1813,0.05007991771051035,0.21032619877246117,B
1814,0.5044750964974117,0.017294375760283254,B
1815,0.008608245489080235,0.7482171000812055,B
1816,0.8383023043638128,0.302156445118098,A
1817,0.6614461674217103,0.7045272635922497,C
1818,0.8048335372033067,0.06263001302283977,A
1819,0.5870658671844705,0.869628538515576,C
1820,0.7326216638372673,0.4895765992053891,C
1821,0.606437490633167,0.6559395339183898,A
1822,0.6584561343645599,0.7681025749341447,A
1823,0.4792374660111819,0.8037573586974711,A
1824,0.19715132794336065,0.14589192542813922,B
1825,0.005508070871782622,0.6299000688590833,C
1826,0.9553408988517929,0.2707374086195379,A
1827,0.9159845431105116,0.814471479082055,B
1828,0.970504673814007,0.48632061024845685,B
1829,0.8637450876795555,0.42231310255551724,C
1830,0.24776616162130805,0.06364675817708831,A
1831,0.5952875732976979,0.8696850747232249,C
1832,0.4334233868359134,0.5479055806775487,C
1833,0.6568508226565689,0.49694049879499513,B
1834,0.47849335298532547,0.6398253704338559,C
1835,0.6386383016482873,0.8152838352975689,C
1836,0.3429580857135368,0.4868845107349017,C
1837,0.09232615440282665,0.9492209757675223,A
1838,0.6468983028834456,0.396216809953051,C
1839,0.5673414699836262,0.36137331802110984,C
1840,0.8167309174809276,0.146886433922496,B
1841,0.012114231803792452,0.4709760450730426,A
1842,0.13663390943575082,0.7347026543831368,B
1843,0.5133308288061965,0.6425307481909257,B
1844,0.449638299962989,0.7393439851665865,A
1845,0.7925828466252819,0.7107196046972941,B
1846,0.731559681236863,0.3557703551405703,B
1847,0.6544760984219037,0.11767227775090372,C
1848,0.36863417360128803,0.6247257713777727,C
1849,0.5328524687449386,0.7335074275040234,C
1850,0.5234462420024529,0.007557615150917907,C
1851,0.3520208446358847,0.8044351674253118,A
1852,0.4934708837407362,0.8936791719877832,A
1853,0.4473530356024211,0.845079047616051,B
1854,0.7093996397192128,0.6725803394990548,A
1855,0.9562699658454995,0.5031884120663277,A
1856,0.11023341330980208,0.0879014139870824,A
1857,0.9398943621380674,0.3041578143434994,C
1858,0.6513656991123062,0.16740175031593985,B
1859,0.9800350746964168,0.6689501011522713,B
1860,0.3604138015289824,0.37742533723662985,A
1861,0.17029792726617932,0.6425500926343332,B
1862,0.4553713185774313,0.4086146454044379,B
1863,0.8526499005535998,0.1967804177457676,B
1864,0.6236691106348607,0.68020493706289,A
1865,0.662023064583481,0.4298627780248211,A
1866,0.37354519984167867,0.434830271179233,A
1867,0.2309606740769572,0.9946619351449777,B
1868,0.4828228748073057,0.6463546022264668,B
1869,0.8384310515762473,0.9439266149110288,B
1870,0.2557144918844596,0.23044929780493717,B
1871,0.17484761582383013,0.5859923300151237,A
1872,0.8989349897051179,0.7502477433944997,C
1873,0.8317789734125745,0.47186404234842017,C
1874,0.011166534789910143,0.19479394958449303,B
1875,0.8526055641693964,0.00764935184171045,C
1876,0.6373508688478342,0.1825944863567247,A
1877,0.7473299499771935,0.3519305458044,A
1878,0.9168274147280411,0.9380247479257433,B
1879,0.8881717379004884,0.17042491611235722,A
1880,0.07429964021356661,0.5821231680238181,C
1881,0.7742490782252894,0.9291757229580323,B
1882,0.8745655493747869,0.4996349808733751,C
1883,0.676368771723399,0.9417410592964045,C
1884,0.042857340798335475,0.42199350814013714,A
1885,0.9248258740551898,0.5668651524519402,A
1886,0.5857916069035171,0.20102717509938461,A
1887,0.5501268169329022,0.5854432311699146,A
1888,0.677988030645521,0.6200310571358807,B
1889,0.22521439743158933,0.07517351756507284,A
1890,0.9055521700005208,0.9042956649716397,C
1891,0.7529266709082681,0.7467095333009998,B
1892,0.9015082926171176,0.9324836552340219,A
1893,0.06277298823674105,0.05176309444017302,C
1894,0.44755414288099094,0.281223614099981,C
1895,0.42578288186960767,0.4247225956260544,B
1896,0.683614724578863,0.659205102803966,A
1897,0.5133472323113466,0.6714115934413157,B
1898,0.8355034875626233,0.8287093214626071,A
1899,0.7413749639600413,0.34609098418463347,C
1900,0.7334712674556786,0.7731470794856484,C
1901,0.8489157168446338,0.5623361835814683,B
1902,0.33247491447981836,0.9897288963691597,A
1903,0.7441557916395701,0.9659056465392538,C
1904,0.4072436660648714,0.34730587795589873,C
1905,0.23807113303754013,0.08032533116930662,C
1906,0.17901081809474895,0.4422715484883373,C
1907,0.8946595328887096,0.708478957626649,C
1908,0.60699912052853,0.5718223900833199,C
1909,0.5289073141972263,0.04282206110213782,A
1910,0.6749632307960544,0.25903057830604526,A
1911,0.8545488222017741,0.3277355125734549,B
1912,0.4227310397656374,0.49009537682104454,B
1913,0.8383469215430328,0.16889354217541053,C
1914,0.581753431494608,0.2546645180689445,A
1915,0.298310699613457,0.5902614841658075,A
1916,0.6103958342193783,0.9999312746952427,C
1917,0.5263482623640277,0.9368779876841401,B
1918,0.7563244341184989,0.48297331274496436,B
1919,0.6624062050033642,0.0036332818429481994,A
1920,0.6709599954162295,0.9526145369689389,A
1921,0.008644019410531723,0.9821549415415066,A
1922,0.11689935943447005,0.4526548576689413,A
1923,0.6220844538898952,0.8667174356925478,A
1924,0.7972843322843086,0.24612793790389909,B
1925,0.8420477479059072,0.22970797210917226,A
1926,0.8095320883116236,0.9737405657132481,B
1927,0.8251674397663555,0.3659565878720148,B
1928,0.536842947717877,0.9788915091601864,B
1929,0.009969465892964102,0.20456096736492624,A
1930,0.09860197670976856,0.2952882420758911,B
1931,0.13187463045573855,0.21696375269091406,C
1932,0.12534846776911013,0.03953003738449856,B
1933,0.27368096404410547,0.543556085772979,B
1934,0.48064031275170294,0.44080651125274395,C
1935,0.3072717912155476,0.20011884836892135,B
1936,0.1265877699999408,0.9288013590593504,C
1937,0.24908325877073112,0.20053126582988057,A
1938,0.2873301537411753,0.15370363513633412,B
1939,0.9289880338565005,0.009247709328212395,A
1940,0.969478491077149,0.9003765605148927,C
1941,0.5371301788529821,0.4562017889672211,B
1942,0.46372877662126943,0.30238945421183483,A
1943,0.5038285012755261,0.06300399315164062,A
1944,0.8368635466325544,0.653511252946946,C
1945,0.18651022360052993,0.9284113739408446,A
1946,0.5047132741329602,0.1404971750981746,A
1947,0.17343919540232777,0.5927501406812083,C
1948,0.1379232773459914,0.00020864220491623175,C
1949,0.021936478905430268,0.4774821361327347,C
1950,0.3037944137014317,0.006248161900627824,C
1951,0.6891001669495657,0.16496329202089477,C
1952,0.9078837430151586,0.31661298533184035,A
1953,0.4221684991950597,0.06424645552126929,A
1954,0.801427776608323,0.9740972334162845,C
1955,0.8868491151227854,0.29046583661684044,B
1956,0.05591997216433353,0.3421891903048693,B
1957,0.9791235358131648,0.11759045593071238,C
1958,0.7579456206605063,0.2574286892090766,A
1959,0.458491143760811,0.6489234399164915,B
1960,0.2763711814522052,0.9789987968067075,A
1961,0.5809279352818494,0.8923500059305677,A
1962,0.7480510886845727,0.3540705577005825,C
1963,0.7942583266920469,0.5613866529941662,B
1964,0.7528488186054022,0.2880948215033503,A
1965,0.09259181458398336,0.466658340116321,A
1966,0.5903505409909158,0.5118490926660717,C
1967,0.1178014788491899,0.8731879628143796,A
1968,0.7380312706629099,0.4616769700592952,B
1969,0.4513155047873274,0.4135751506133081,B
1970,0.9232053637606118,0.7976257455727245,C
1971,0.9984871139443432,0.7340361014784523,A
1972,0.9273061656858091,0.9324957537139501,C
1973,0.7541505380782282,0.47357264899686724,B
1974,0.2486063300796375,0.21059577828526377,A
1975,0.0010332808601212218,0.771129098595555,C
1976,0.9222050974508245,0.491393412261211,C
1977,0.03777090032358266,0.5473204566302565,C
1978,0.566741949474649,0.025002503738905335,C
1979,0.3245485722453326,0.543549352542687,B
1980,0.3793891658395996,0.41382507407058433,A
1981,0.44636273494345113,0.882261207206241,A
1982,0.06122529722150449,0.9405551707859398,A
1983,0.5181512740613199,0.938895031960768,C
1984,0.9034237355976598,0.04020549901033299,A
1985,0.27185689034409954,0.2785364770107227,C
1986,0.070648420064516,0.7639158059274133,C
1987,0.15452632457382676,0.06552402083188136,A
1988,0.9156820846868955,0.440402396148476,B
1989,0.9042960964145629,0.6367835827802656,A
1990,0.9853265123002019,0.46363876359020373,A
1991,0.7834845006280354,0.6203725478819829,B
1992,0.30316742942823893,0.212686959291724,B
1993,0.6876209860618725,0.21550855090170085,C
1994,0.8712734946237048,0.4888044050049257,C
1995,0.6974792203508295,0.9536690350330161,B
1996,0.540213769394222,0.9988207124303164,B
1997,0.5735897282631286,0.45556287434961007,C
1998,0.24265751009284187,0.5424813237795092,C
1999,0.13416807618268123,0.6734506774714099,B
2000,0.8600833370846831,0.34810331943010286,C
